port8080.lock taken
rig up: proxy 97930 on 8080 -> daemon 94704 on 53242, stub 53044; 1111 untouched
== r7capwide (btw-r6-cap) at 06:07:19 ==
[build] current: assets 2026-09-25T05:38:32.424Z >= sources 2026-09-25T05:30:45.985Z
[note] csp for this run's backend
        already widened for http://127.0.0.1:8080
  serve records 1 linked from /Users/damian/qa482r7/rig/run-r7capwide/records   (the app admits a daemon only while a record describes one, and a record is a heartbeat)
local-operator-ui renderer driver
  repo          /Users/damian/local-operator-ui-worktrees/qa-482-r7
  scratch       /Users/damian/qa482r7/rig/tmp/lo-renderer-driver-98138
  frames        /Users/damian/qa482r7/rig/frames/r7capwide
  app cwd       /Users/damian/qa482r7/rig/tmp/lo-renderer-driver-98138/cwd   (scratch: the repo's .env is not read)
  backend url   http://127.0.0.1:8080   (--backend: a live isolated backend this run owns)
  electron      44.3.0   (/Users/damian/local-operator-ui/node_modules/.pnpm/electron@44.3.0/node_modules/electron/dist/Electron.app/Contents/MacOS/Electron)
  electron pin  44.3.0   (package.json optionalDependencies)
[PASS] the harness is driving the Electron this branch pins
[PASS] the scratch backend port is dead
[note] the app's default backend port (127.0.0.1:1111)
        a listener is up: this run's main process points elsewhere, and the check below proves the app holds no connection to the URL the RENDERER was built with
[note] verbs registered by the renderer
        ["hello","measure","navigate","openCanvasDocument","press","queries","queryFetches","setSidebarWidth","setTheme","state"]
[PASS] the armed launch said so on stdout
[PASS] the app's logs went to this run's scratch tree, not the operator's
[note] renderer's api base URL at hello, against --backend
        {"apiBaseUrl":"http://127.0.0.1:8080","backend":"http://127.0.0.1:8080"}
[PASS] the app holds a connection to this run's backend (http://127.0.0.1:8080)
[PASS] the app holds NO connection to the operator's own backend (http://localhost:1111)
[note] profile seeded
        onboarding-storage marks the modal complete, so the app is an existing user rather than a first-run one
[PASS] window mode is headless and the window is never shown
        mode=headless visible=false focused=false
[PASS] the composer is on screen before anything is typed
[note] the session's owner
        warm (snapshot.cold = false)
[note] R6 cap session
        9957b4842090
[note] frame
        {"label":"qa6cap-r7capwide-q59-cap-none-k9","mode":"settled"}
[note] Q59 none sweep
        [{"case":"none","k":1,"staged":[],"wireQuotes":0,"quoteBlocks":0,"cap":"247.5px","clientHeight":248,"answerTop":23.5,"lineHeight":22.4,"rowsToEdge":10,"crossing":[],"scrollTop":0,"maxScroll":22},{"case":"none","k":2,"staged":[],"wireQuotes":0,"quoteBlocks":0,"cap":"247.5px","clientHeight":248,"answerTop":23.5,"lineHeight":22.4,"rowsToEdge":10,"crossing":[],"scrollTop":0,"maxScroll":44},{"case":"none","k":3,"staged":[],"wireQuotes":0,"quoteBlocks":0,"cap":"247.5px","clientHeight":248,"answerTop":23.5,"lineHeight":22.4,"rowsToEdge":10,"crossing":[],"scrollTop":0,"maxScroll":44},{"case":"none","k":4,"staged":[],"wireQuotes":0,"quoteBlocks":0,"cap":"247.5px","clientHeight":248,"answerTop":23.5,"lineHeight":22.4,"rowsToEdge":10,"crossing":[],"scrollTop":0,"maxScroll":67},{"case":"none","k":5,"staged":[],"wireQuotes":0,"quoteBlocks":0,"cap":"247.5px","clientHeight":248,"answerTop":23.5,"lineHeight":22.4,"rowsToEdge":10,"crossing":[],"scrollTop":0,"maxScroll":67},{"case":"none","k":6,"staged":[],"wireQuotes":0,"quoteBlocks":0,"cap":"247.5px","clientHeight":248,"answerTop":23.5,"lineHeight":22.4,"rowsToEdge":10,"crossing":[],"scrollTop":0,"maxScroll":89},{"case":"none","k":7,"staged":[],"wireQuotes":0,"quoteBlocks":0,"cap":"247.5px","clientHeight":248,"answerTop":23.5,"lineHeight":22.4,"rowsToEdge":10,"crossing":[],"scrollTop":0,"maxScroll":89},{"case":"none","k":8,"staged":[],"wireQuotes":0,"quoteBlocks":0,"cap":"247.5px","clientHeight":248,"answerTop":23.5,"lineHeight":22.4,"rowsToEdge":10,"crossing":[],"scrollTop":0,"maxScroll":111},{"case":"none","k":9,"staged":[],"wireQuotes":0,"quoteBlocks":0,"cap":"247.5px","clientHeight":248,"answerTop":23.5,"lineHeight":22.4,"rowsToEdge":10,"crossing":[],"scrollTop":0,"maxScroll":111}]
[PASS] Q59 none: the edge sits exactly 10.0 line boxes below the newest answer's top and NO answer row is cut, for PARAGRID1..9 (measured 10)
        {"edgeLineBoxes":[10],"maxHiddenPx":0,"cutKs":[],"cap":"247.5px","answerTop":23.5,"lineHeight":22.4}
[note] frame
        {"label":"qa6cap-r7capwide-q59-cap-one-k9","mode":"settled"}
[note] Q59 one sweep
        [{"case":"one","k":1,"staged":[true],"wireQuotes":1,"quoteBlocks":1,"cap":"275px","clientHeight":275,"answerTop":51,"lineHeight":22.4,"rowsToEdge":10,"crossing":[],"scrollTop":0,"maxScroll":22},{"case":"one","k":2,"staged":[true],"wireQuotes":1,"quoteBlocks":1,"cap":"275px","clientHeight":275,"answerTop":51,"lineHeight":22.4,"rowsToEdge":10,"crossing":[],"scrollTop":0,"maxScroll":45},{"case":"one","k":3,"staged":[true],"wireQuotes":1,"quoteBlocks":1,"cap":"275px","clientHeight":275,"answerTop":51,"lineHeight":22.4,"rowsToEdge":10,"crossing":[],"scrollTop":0,"maxScroll":45},{"case":"one","k":4,"staged":[true],"wireQuotes":1,"quoteBlocks":1,"cap":"275px","clientHeight":275,"answerTop":51,"lineHeight":22.4,"rowsToEdge":10,"crossing":[],"scrollTop":0,"maxScroll":67},{"case":"one","k":5,"staged":[true],"wireQuotes":1,"quoteBlocks":1,"cap":"275px","clientHeight":275,"answerTop":51,"lineHeight":22.4,"rowsToEdge":10,"crossing":[],"scrollTop":0,"maxScroll":67},{"case":"one","k":6,"staged":[true],"wireQuotes":1,"quoteBlocks":1,"cap":"275px","clientHeight":275,"answerTop":51,"lineHeight":22.4,"rowsToEdge":10,"crossing":[],"scrollTop":0,"maxScroll":90},{"case":"one","k":7,"staged":[true],"wireQuotes":1,"quoteBlocks":1,"cap":"275px","clientHeight":275,"answerTop":51,"lineHeight":22.4,"rowsToEdge":10,"crossing":[],"scrollTop":0,"maxScroll":90},{"case":"one","k":8,"staged":[true],"wireQuotes":1,"quoteBlocks":1,"cap":"275px","clientHeight":275,"answerTop":51,"lineHeight":22.4,"rowsToEdge":10,"crossing":[],"scrollTop":0,"maxScroll":112},{"case":"one","k":9,"staged":[true],"wireQuotes":1,"quoteBlocks":1,"cap":"275px","clientHeight":275,"answerTop":51,"lineHeight":22.4,"rowsToEdge":10,"crossing":[],"scrollTop":0,"maxScroll":112}]
[PASS] Q59 one: the edge sits exactly 10.0 line boxes below the newest answer's top and NO answer row is cut, for PARAGRID1..9 (measured 10)
        {"edgeLineBoxes":[10],"maxHiddenPx":0,"cutKs":[],"cap":"275px","answerTop":51,"lineHeight":22.4}
[note] frame
        {"label":"qa6cap-r7capwide-q59-cap-two-k9","mode":"settled"}
[note] Q59 two sweep
        [{"case":"two","k":1,"staged":[true,true],"wireQuotes":2,"quoteBlocks":2,"cap":"302.5px","clientHeight":303,"answerTop":78.5,"lineHeight":22.4,"rowsToEdge":10,"crossing":[],"scrollTop":0,"maxScroll":22},{"case":"two","k":2,"staged":[true,true],"wireQuotes":2,"quoteBlocks":2,"cap":"302.5px","clientHeight":303,"answerTop":78.5,"lineHeight":22.4,"rowsToEdge":10,"crossing":[],"scrollTop":0,"maxScroll":44},{"case":"two","k":3,"staged":[true,true],"wireQuotes":2,"quoteBlocks":2,"cap":"302.5px","clientHeight":303,"answerTop":78.5,"lineHeight":22.4,"rowsToEdge":10,"crossing":[],"scrollTop":0,"maxScroll":44},{"case":"two","k":4,"staged":[true,true],"wireQuotes":2,"quoteBlocks":2,"cap":"302.5px","clientHeight":303,"answerTop":78.5,"lineHeight":22.4,"rowsToEdge":10,"crossing":[],"scrollTop":0,"maxScroll":67},{"case":"two","k":5,"staged":[true,true],"wireQuotes":2,"quoteBlocks":2,"cap":"302.5px","clientHeight":303,"answerTop":78.5,"lineHeight":22.4,"rowsToEdge":10,"crossing":[],"scrollTop":0,"maxScroll":67},{"case":"two","k":6,"staged":[true,true],"wireQuotes":2,"quoteBlocks":2,"cap":"302.5px","clientHeight":303,"answerTop":78.5,"lineHeight":22.4,"rowsToEdge":10,"crossing":[],"scrollTop":0,"maxScroll":89},{"case":"two","k":7,"staged":[true,true],"wireQuotes":2,"quoteBlocks":2,"cap":"302.5px","clientHeight":303,"answerTop":78.5,"lineHeight":22.4,"rowsToEdge":10,"crossing":[],"scrollTop":0,"maxScroll":89},{"case":"two","k":8,"staged":[true,true],"wireQuotes":2,"quoteBlocks":2,"cap":"302.5px","clientHeight":303,"answerTop":78.5,"lineHeight":22.4,"rowsToEdge":10,"crossing":[],"scrollTop":0,"maxScroll":111},{"case":"two","k":9,"staged":[true,true],"wireQuotes":2,"quoteBlocks":2,"cap":"302.5px","clientHeight":303,"answerTop":78.5,"lineHeight":22.4,"rowsToEdge":10,"crossing":[],"scrollTop":0,"maxScroll":111}]
[PASS] Q59 two: the edge sits exactly 10.0 line boxes below the newest answer's top and NO answer row is cut, for PARAGRID1..9 (measured 10)
        {"edgeLineBoxes":[10],"maxHiddenPx":0,"cutKs":[],"cap":"302.5px","answerTop":78.5,"lineHeight":22.4}
[note] frame
        {"label":"qa6cap-r7capwide-q59-cap-wrapq-k9","mode":"settled"}
[note] Q59 wrapq sweep
        [{"case":"wrapq","k":1,"staged":[],"wireQuotes":0,"quoteBlocks":0,"cap":"267px","clientHeight":267,"answerTop":43,"lineHeight":22.4,"rowsToEdge":10,"crossing":[],"scrollTop":0,"maxScroll":22},{"case":"wrapq","k":2,"staged":[],"wireQuotes":0,"quoteBlocks":0,"cap":"267px","clientHeight":267,"answerTop":43,"lineHeight":22.4,"rowsToEdge":10,"crossing":[],"scrollTop":0,"maxScroll":45},{"case":"wrapq","k":3,"staged":[],"wireQuotes":0,"quoteBlocks":0,"cap":"267px","clientHeight":267,"answerTop":43,"lineHeight":22.4,"rowsToEdge":10,"crossing":[],"scrollTop":0,"maxScroll":45},{"case":"wrapq","k":4,"staged":[],"wireQuotes":0,"quoteBlocks":0,"cap":"267px","clientHeight":267,"answerTop":43,"lineHeight":22.4,"rowsToEdge":10,"crossing":[],"scrollTop":0,"maxScroll":67},{"case":"wrapq","k":5,"staged":[],"wireQuotes":0,"quoteBlocks":0,"cap":"267px","clientHeight":267,"answerTop":43,"lineHeight":22.4,"rowsToEdge":10,"crossing":[],"scrollTop":0,"maxScroll":67},{"case":"wrapq","k":6,"staged":[],"wireQuotes":0,"quoteBlocks":0,"cap":"267px","clientHeight":267,"answerTop":43,"lineHeight":22.4,"rowsToEdge":10,"crossing":[],"scrollTop":0,"maxScroll":90},{"case":"wrapq","k":7,"staged":[],"wireQuotes":0,"quoteBlocks":0,"cap":"267px","clientHeight":267,"answerTop":43,"lineHeight":22.4,"rowsToEdge":10,"crossing":[],"scrollTop":0,"maxScroll":90},{"case":"wrapq","k":8,"staged":[],"wireQuotes":0,"quoteBlocks":0,"cap":"267px","clientHeight":267,"answerTop":43,"lineHeight":22.4,"rowsToEdge":10,"crossing":[],"scrollTop":0,"maxScroll":112},{"case":"wrapq","k":9,"staged":[],"wireQuotes":0,"quoteBlocks":0,"cap":"267px","clientHeight":267,"answerTop":43,"lineHeight":22.4,"rowsToEdge":10,"crossing":[],"scrollTop":0,"maxScroll":112}]
[PASS] Q59 wrapq: the edge sits exactly 10.0 line boxes below the newest answer's top and NO answer row is cut, for PARAGRID1..9 (measured 10)
        {"edgeLineBoxes":[10],"maxHiddenPx":0,"cutKs":[],"cap":"267px","answerTop":43,"lineHeight":22.4}
[note] frame
        {"label":"qa6cap-r7capwide-q59-cap-wrapboth-k9","mode":"settled"}
[note] Q59 wrapboth sweep
        [{"case":"wrapboth","k":1,"staged":[true],"wireQuotes":1,"quoteBlocks":1,"cap":"294.5px","clientHeight":295,"answerTop":70.5,"lineHeight":22.4,"rowsToEdge":10,"crossing":[],"scrollTop":0,"maxScroll":22},{"case":"wrapboth","k":2,"staged":[true],"wireQuotes":1,"quoteBlocks":1,"cap":"294.5px","clientHeight":295,"answerTop":70.5,"lineHeight":22.4,"rowsToEdge":10,"crossing":[],"scrollTop":0,"maxScroll":44},{"case":"wrapboth","k":3,"staged":[true],"wireQuotes":1,"quoteBlocks":1,"cap":"294.5px","clientHeight":295,"answerTop":70.5,"lineHeight":22.4,"rowsToEdge":10,"crossing":[],"scrollTop":0,"maxScroll":44},{"case":"wrapboth","k":4,"staged":[true],"wireQuotes":1,"quoteBlocks":1,"cap":"294.5px","clientHeight":295,"answerTop":70.5,"lineHeight":22.4,"rowsToEdge":10,"crossing":[],"scrollTop":0,"maxScroll":67},{"case":"wrapboth","k":5,"staged":[true],"wireQuotes":1,"quoteBlocks":1,"cap":"294.5px","clientHeight":295,"answerTop":70.5,"lineHeight":22.4,"rowsToEdge":10,"crossing":[],"scrollTop":0,"maxScroll":67},{"case":"wrapboth","k":6,"staged":[true],"wireQuotes":1,"quoteBlocks":1,"cap":"294.5px","clientHeight":295,"answerTop":70.5,"lineHeight":22.4,"rowsToEdge":10,"crossing":[],"scrollTop":0,"maxScroll":89},{"case":"wrapboth","k":7,"staged":[true],"wireQuotes":1,"quoteBlocks":1,"cap":"294.5px","clientHeight":295,"answerTop":70.5,"lineHeight":22.4,"rowsToEdge":10,"crossing":[],"scrollTop":0,"maxScroll":89},{"case":"wrapboth","k":8,"staged":[true],"wireQuotes":1,"quoteBlocks":1,"cap":"294.5px","clientHeight":295,"answerTop":70.5,"lineHeight":22.4,"rowsToEdge":10,"crossing":[],"scrollTop":0,"maxScroll":111},{"case":"wrapboth","k":9,"staged":[true],"wireQuotes":1,"quoteBlocks":1,"cap":"294.5px","clientHeight":295,"answerTop":70.5,"lineHeight":22.4,"rowsToEdge":10,"crossing":[],"scrollTop":0,"maxScroll":111}]
[PASS] Q59 wrapboth: the edge sits exactly 10.0 line boxes below the newest answer's top and NO answer row is cut, for PARAGRID1..9 (measured 10)
        {"edgeLineBoxes":[10],"maxHiddenPx":0,"cutKs":[],"cap":"294.5px","answerTop":70.5,"lineHeight":22.4}
[note] frame
        {"label":"qa6cap-r7capwide-q59-cap-wrapboth2-k9","mode":"settled"}
[note] Q59 wrapboth2 sweep
        [{"case":"wrapboth2","k":1,"staged":[true],"wireQuotes":0,"quoteBlocks":1,"cap":"314px","clientHeight":314,"answerTop":90,"lineHeight":22.4,"rowsToEdge":10,"crossing":[],"scrollTop":0,"maxScroll":22},{"case":"wrapboth2","k":2,"staged":[true],"wireQuotes":0,"quoteBlocks":1,"cap":"314px","clientHeight":314,"answerTop":90,"lineHeight":22.4,"rowsToEdge":10,"crossing":[],"scrollTop":0,"maxScroll":45},{"case":"wrapboth2","k":3,"staged":[true],"wireQuotes":0,"quoteBlocks":1,"cap":"314px","clientHeight":314,"answerTop":90,"lineHeight":22.4,"rowsToEdge":10,"crossing":[],"scrollTop":0,"maxScroll":45},{"case":"wrapboth2","k":4,"staged":[true],"wireQuotes":0,"quoteBlocks":1,"cap":"314px","clientHeight":314,"answerTop":90,"lineHeight":22.4,"rowsToEdge":10,"crossing":[],"scrollTop":0,"maxScroll":67},{"case":"wrapboth2","k":5,"staged":[true],"wireQuotes":0,"quoteBlocks":1,"cap":"314px","clientHeight":314,"answerTop":90,"lineHeight":22.4,"rowsToEdge":10,"crossing":[],"scrollTop":0,"maxScroll":67},{"case":"wrapboth2","k":6,"staged":[true],"wireQuotes":0,"quoteBlocks":1,"cap":"314px","clientHeight":314,"answerTop":90,"lineHeight":22.4,"rowsToEdge":10,"crossing":[],"scrollTop":0,"maxScroll":90},{"case":"wrapboth2","k":7,"staged":[true],"wireQuotes":0,"quoteBlocks":1,"cap":"314px","clientHeight":314,"answerTop":90,"lineHeight":22.4,"rowsToEdge":10,"crossing":[],"scrollTop":0,"maxScroll":90},{"case":"wrapboth2","k":8,"staged":[true],"wireQuotes":0,"quoteBlocks":1,"cap":"314px","clientHeight":314,"answerTop":90,"lineHeight":22.4,"rowsToEdge":10,"crossing":[],"scrollTop":0,"maxScroll":112},{"case":"wrapboth2","k":9,"staged":[true],"wireQuotes":0,"quoteBlocks":1,"cap":"314px","clientHeight":314,"answerTop":90,"lineHeight":22.4,"rowsToEdge":10,"crossing":[],"scrollTop":0,"maxScroll":112}]
[PASS] Q59 wrapboth2: the edge sits exactly 10.0 line boxes below the newest answer's top and NO answer row is cut, for PARAGRID1..9 (measured 10)
        {"edgeLineBoxes":[10],"maxHiddenPx":0,"cutKs":[],"cap":"314px","answerTop":90,"lineHeight":22.4}
[note] frame
        {"label":"qa6cap-r7capwide-q59-cap-oneshort-k9","mode":"settled"}
[note] Q59 oneshort sweep
        [{"case":"oneshort","k":1,"staged":[true],"wireQuotes":1,"quoteBlocks":1,"cap":"275px","clientHeight":275,"answerTop":51,"lineHeight":22.4,"rowsToEdge":10,"crossing":[],"scrollTop":0,"maxScroll":22},{"case":"oneshort","k":2,"staged":[true],"wireQuotes":1,"quoteBlocks":1,"cap":"275px","clientHeight":275,"answerTop":51,"lineHeight":22.4,"rowsToEdge":10,"crossing":[],"scrollTop":0,"maxScroll":45},{"case":"oneshort","k":3,"staged":[true],"wireQuotes":1,"quoteBlocks":1,"cap":"275px","clientHeight":275,"answerTop":51,"lineHeight":22.4,"rowsToEdge":10,"crossing":[],"scrollTop":0,"maxScroll":45},{"case":"oneshort","k":4,"staged":[true],"wireQuotes":1,"quoteBlocks":1,"cap":"275px","clientHeight":275,"answerTop":51,"lineHeight":22.4,"rowsToEdge":10,"crossing":[],"scrollTop":0,"maxScroll":67},{"case":"oneshort","k":5,"staged":[true],"wireQuotes":1,"quoteBlocks":1,"cap":"275px","clientHeight":275,"answerTop":51,"lineHeight":22.4,"rowsToEdge":10,"crossing":[],"scrollTop":0,"maxScroll":67},{"case":"oneshort","k":6,"staged":[true],"wireQuotes":1,"quoteBlocks":1,"cap":"275px","clientHeight":275,"answerTop":51,"lineHeight":22.4,"rowsToEdge":10,"crossing":[],"scrollTop":0,"maxScroll":90},{"case":"oneshort","k":7,"staged":[true],"wireQuotes":1,"quoteBlocks":1,"cap":"275px","clientHeight":275,"answerTop":51,"lineHeight":22.4,"rowsToEdge":10,"crossing":[],"scrollTop":0,"maxScroll":90},{"case":"oneshort","k":8,"staged":[true],"wireQuotes":1,"quoteBlocks":1,"cap":"275px","clientHeight":275,"answerTop":51,"lineHeight":22.4,"rowsToEdge":10,"crossing":[],"scrollTop":0,"maxScroll":112},{"case":"oneshort","k":9,"staged":[true],"wireQuotes":1,"quoteBlocks":1,"cap":"275px","clientHeight":275,"answerTop":51,"lineHeight":22.4,"rowsToEdge":10,"crossing":[],"scrollTop":0,"maxScroll":112}]
[PASS] Q59 oneshort: the edge sits exactly 10.0 line boxes below the newest answer's top and NO answer row is cut, for PARAGRID1..9 (measured 10)
        {"edgeLineBoxes":[10],"maxHiddenPx":0,"cutKs":[],"cap":"275px","answerTop":51,"lineHeight":22.4}
[PASS] no process from this run outlived its boot

frames: qa6cap-r7capwide-q59-cap-none-k9.png, qa6cap-r7capwide-q59-cap-one-k9.png, qa6cap-r7capwide-q59-cap-oneshort-k9.png, qa6cap-r7capwide-q59-cap-two-k9.png, qa6cap-r7capwide-q59-cap-wrapboth-k9.png, qa6cap-r7capwide-q59-cap-wrapboth2-k9.png, qa6cap-r7capwide-q59-cap-wrapq-k9.png
frames directory: /Users/damian/qa482r7/rig/frames/r7capwide
app log: /Users/damian/qa482r7/rig/tmp/lo-renderer-driver-98138/app-scene.log
scratch removed (--clean)

ALL CHECKS PASSED
./capture-r7.sh: line 165: unexpected EOF while looking for matching `"'
./capture-r7.sh: line 166: syntax error: unexpected end of file
8080 released before this command returned
port8080.lock released
--- proxy counters (/Users/damian/qa482r7/rig/run-r7capwide/proxy-stats.json) ---
{
  "oldDaemon": false,
  "asidePosts": [
    {
      "at": "2026-09-25T06:08:03.891Z",
      "url": "/v1/desktop/sessions/9957b4842090/asides",
      "asideId": "1dba16c7-8cfb-4fd8-a0b8-150364ae12fd",
      "continues": null,
      "questionHead": "PARAGRID1: q59 no quote k1",
      "text": "PARAGRID1: q59 no quote k1",
      "carriedSubscriptionField": true,
      "subscriptionId": "aa63905b22234e43ae71997ced9fffa4",
      "status": 200,
      "response": "{\"status\":200,\"message\":\"Desktop session result.\",\"result\":{\"data\":{\"aside_id\":\"1dba16c7-8cfb-4fd8-a0b8-150364ae12fd\",\"text\":\"Sentence 1 of this paragraph runs about this long, on purpose.\\n\\nSentence 1 of this paragraph runs about this long, on purpose. Sentence 2 of this paragraph runs about this long, on purpose. Sentence 3 of this paragraph runs about this long, on purpose. Sentence 4 of this paragraph runs about this long, on purpose. Sentence 5 of this paragraph runs about this long, on purpose. Sentence 6 of this paragraph runs about this long, on purpose.\\n\\nSentence 1 of this paragrap"
    },
    {
      "at": "2026-09-25T06:08:09.679Z",
      "url": "/v1/desktop/sessions/9957b4842090/asides",
      "asideId": "d9a1c61d-5f0d-4959-b67f-5adc96a30e1e",
      "continues": null,
      "questionHead": "PARAGRID2: q59 no quote k2",
      "text": "PARAGRID2: q59 no quote k2",
      "carriedSubscriptionField": true,
      "subscriptionId": "aa63905b22234e43ae71997ced9fffa4",
      "status": 200,
      "response": "{\"status\":200,\"message\":\"Desktop session result.\",\"result\":{\"data\":{\"aside_id\":\"d9a1c61d-5f0d-4959-b67f-5adc96a30e1e\",\"text\":\"Sentence 1 of this paragraph runs about this long, on purpose. Sentence 2 of this paragraph runs about this long, on purpose.\\n\\nSentence 1 of this paragraph runs about this long, on purpose. Sentence 2 of this paragraph runs about this long, on purpose. Sentence 3 of this paragraph runs about this long, on purpose. Sentence 4 of this paragraph runs about this long, on purpose. Sentence 5 of this paragraph runs about this long, on purpose. Sentence 6 of this paragraph r"
    },
    {
      "at": "2026-09-25T06:08:16.198Z",
      "url": "/v1/desktop/sessions/9957b4842090/asides",
      "asideId": "4fb86d80-8fec-474a-a147-f5957874b000",
      "continues": null,
      "questionHead": "PARAGRID3: q59 no quote k3",
      "text": "PARAGRID3: q59 no quote k3",
      "carriedSubscriptionField": true,
      "subscriptionId": "aa63905b22234e43ae71997ced9fffa4",
      "status": 200,
      "response": "{\"status\":200,\"message\":\"Desktop session result.\",\"result\":{\"data\":{\"aside_id\":\"4fb86d80-8fec-474a-a147-f5957874b000\",\"text\":\"Sentence 1 of this paragraph runs about this long, on purpose. Sentence 2 of this paragraph runs about this long, on purpose. Sentence 3 of this paragraph runs about this long, on purpose.\\n\\nSentence 1 of this paragraph runs about this long, on purpose. Sentence 2 of this paragraph runs about this long, on purpose. Sentence 3 of this paragraph runs about this long, on purpose. Sentence 4 of this paragraph runs about this long, on purpose. Sentence 5 of this paragraph r"
    },
    {
      "at": "2026-09-25T06:08:23.574Z",
      "url": "/v1/desktop/sessions/9957b4842090/asides",
      "asideId": "22b54b5f-112b-4784-b47e-89e7a5ab661d",
      "continues": null,
      "questionHead": "PARAGRID4: q59 no quote k4",
      "text": "PARAGRID4: q59 no quote k4",
      "carriedSubscriptionField": true,
      "subscriptionId": "aa63905b22234e43ae71997ced9fffa4",
      "status": 200,
      "response": "{\"status\":200,\"message\":\"Desktop session result.\",\"result\":{\"data\":{\"aside_id\":\"22b54b5f-112b-4784-b47e-89e7a5ab661d\",\"text\":\"Sentence 1 of this paragraph runs about this long, on purpose. Sentence 2 of this paragraph runs about this long, on purpose. Sentence 3 of this paragraph runs about this long, on purpose. Sentence 4 of this paragraph runs about this long, on purpose.\\n\\nSentence 1 of this paragraph runs about this long, on purpose. Sentence 2 of this paragraph runs about this long, on purpose. Sentence 3 of this paragraph runs about this long, on purpose. Sentence 4 of this paragraph r"
    },
    {
      "at": "2026-09-25T06:08:30.448Z",
      "url": "/v1/desktop/sessions/9957b4842090/asides",
      "asideId": "fe9d1436-24b9-4159-9676-26afd2d13fae",
      "continues": null,
      "questionHead": "PARAGRID5: q59 no quote k5",
      "text": "PARAGRID5: q59 no quote k5",
      "carriedSubscriptionField": true,
      "subscriptionId": "aa63905b22234e43ae71997ced9fffa4",
      "status": 200,
      "response": "{\"status\":200,\"message\":\"Desktop session result.\",\"result\":{\"data\":{\"aside_id\":\"fe9d1436-24b9-4159-9676-26afd2d13fae\",\"text\":\"Sentence 1 of this paragraph runs about this long, on purpose. Sentence 2 of this paragraph runs about this long, on purpose. Sentence 3 of this paragraph runs about this long, on purpose. Sentence 4 of this paragraph runs about this long, on purpose. Sentence 5 of this paragraph runs about this long, on purpose.\\n\\nSentence 1 of this paragraph runs about this long, on purpose. Sentence 2 of this paragraph runs about this long, on purpose. Sentence 3 of this paragraph r"
    },
    {
      "at": "2026-09-25T06:08:35.669Z",
      "url": "/v1/desktop/sessions/9957b4842090/asides",
      "asideId": "e4b5ad28-c298-4adc-bfcc-4a5c2ddd7365",
      "continues": null,
      "questionHead": "PARAGRID6: q59 no quote k6",
      "text": "PARAGRID6: q59 no quote k6",
      "carriedSubscriptionField": true,
      "subscriptionId": "aa63905b22234e43ae71997ced9fffa4",
      "status": 200,
      "response": "{\"status\":200,\"message\":\"Desktop session result.\",\"result\":{\"data\":{\"aside_id\":\"e4b5ad28-c298-4adc-bfcc-4a5c2ddd7365\",\"text\":\"Sentence 1 of this paragraph runs about this long, on purpose. Sentence 2 of this paragraph runs about this long, on purpose. Sentence 3 of this paragraph runs about this long, on purpose. Sentence 4 of this paragraph runs about this long, on purpose. Sentence 5 of this paragraph runs about this long, on purpose. Sentence 6 of this paragraph runs about this long, on purpose.\\n\\nSentence 1 of this paragraph runs about this long, on purpose. Sentence 2 of this paragraph r"
    },
    {
      "at": "2026-09-25T06:08:42.008Z",
      "url": "/v1/desktop/sessions/9957b4842090/asides",
      "asideId": "de8a84ce-abd4-41ef-a547-1d5091df8460",
      "continues": null,
      "questionHead": "PARAGRID7: q59 no quote k7",
      "text": "PARAGRID7: q59 no quote k7",
      "carriedSubscriptionField": true,
      "subscriptionId": "aa63905b22234e43ae71997ced9fffa4",
      "status": 200,
      "response": "{\"status\":200,\"message\":\"Desktop session result.\",\"result\":{\"data\":{\"aside_id\":\"de8a84ce-abd4-41ef-a547-1d5091df8460\",\"text\":\"Sentence 1 of this paragraph runs about this long, on purpose. Sentence 2 of this paragraph runs about this long, on purpose. Sentence 3 of this paragraph runs about this long, on purpose. Sentence 4 of this paragraph runs about this long, on purpose. Sentence 5 of this paragraph runs about this long, on purpose. Sentence 6 of this paragraph runs about this long, on purpose. Sentence 7 of this paragraph runs about this long, on purpose.\\n\\nSentence 1 of this paragraph r"
    },
    {
      "at": "2026-09-25T06:08:47.895Z",
      "url": "/v1/desktop/sessions/9957b4842090/asides",
      "asideId": "1216ca64-dfbb-4749-b55d-678ef64b9937",
      "continues": null,
      "questionHead": "PARAGRID8: q59 no quote k8",
      "text": "PARAGRID8: q59 no quote k8",
      "carriedSubscriptionField": true,
      "subscriptionId": "aa63905b22234e43ae71997ced9fffa4",
      "status": 200,
      "response": "{\"status\":200,\"message\":\"Desktop session result.\",\"result\":{\"data\":{\"aside_id\":\"1216ca64-dfbb-4749-b55d-678ef64b9937\",\"text\":\"Sentence 1 of this paragraph runs about this long, on purpose. Sentence 2 of this paragraph runs about this long, on purpose. Sentence 3 of this paragraph runs about this long, on purpose. Sentence 4 of this paragraph runs about this long, on purpose. Sentence 5 of this paragraph runs about this long, on purpose. Sentence 6 of this paragraph runs about this long, on purpose. Sentence 7 of this paragraph runs about this long, on purpose. Sentence 8 of this paragraph runs"
    },
    {
      "at": "2026-09-25T06:08:54.543Z",
      "url": "/v1/desktop/sessions/9957b4842090/asides",
      "asideId": "88309d64-1103-48ae-96f3-c153f92bfd78",
      "continues": null,
      "questionHead": "PARAGRID9: q59 no quote k9",
      "text": "PARAGRID9: q59 no quote k9",
      "carriedSubscriptionField": true,
      "subscriptionId": "aa63905b22234e43ae71997ced9fffa4",
      "status": 200,
      "response": "{\"status\":200,\"message\":\"Desktop session result.\",\"result\":{\"data\":{\"aside_id\":\"88309d64-1103-48ae-96f3-c153f92bfd78\",\"text\":\"Sentence 1 of this paragraph runs about this long, on purpose. Sentence 2 of this paragraph runs about this long, on purpose. Sentence 3 of this paragraph runs about this long, on purpose. Sentence 4 of this paragraph runs about this long, on purpose. Sentence 5 of this paragraph runs about this long, on purpose. Sentence 6 of this paragraph runs about this long, on purpose. Sentence 7 of this paragraph runs about this long, on purpose. Sentence 8 of this paragraph runs"
    },
    {
      "at": "2026-09-25T06:09:03.424Z",
      "url": "/v1/desktop/sessions/9957b4842090/asides",
      "asideId": "7e36a866-3356-45be-9252-b94b3a60792c",
      "continues": null,
      "questionHead": "<reply-to>The retry budget is a per-provider allowance</repl",
      "text": "<reply-to>The retry budget is a per-provider allowance</reply-to>\nPARAGRID1: q59 one quote k1",
      "carriedSubscriptionField": true,
      "subscriptionId": "aa63905b22234e43ae71997ced9fffa4",
      "status": 200,
      "response": "{\"status\":200,\"message\":\"Desktop session result.\",\"result\":{\"data\":{\"aside_id\":\"7e36a866-3356-45be-9252-b94b3a60792c\",\"text\":\"Sentence 1 of this paragraph runs about this long, on purpose.\\n\\nSentence 1 of this paragraph runs about this long, on purpose. Sentence 2 of this paragraph runs about this long, on purpose. Sentence 3 of this paragraph runs about this long, on purpose. Sentence 4 of this paragraph runs about this long, on purpose. Sentence 5 of this paragraph runs about this long, on purpose. Sentence 6 of this paragraph runs about this long, on purpose.\\n\\nSentence 1 of this paragrap"
    },
    {
      "at": "2026-09-25T06:09:10.132Z",
      "url": "/v1/desktop/sessions/9957b4842090/asides",
      "asideId": "43c08e25-76c6-4a86-a4df-7daa1637d7b7",
      "continues": null,
      "questionHead": "<reply-to>The retry budget is a per-provider allowance</repl",
      "text": "<reply-to>The retry budget is a per-provider allowance</reply-to>\nPARAGRID2: q59 one quote k2",
      "carriedSubscriptionField": true,
      "subscriptionId": "aa63905b22234e43ae71997ced9fffa4",
      "status": 200,
      "response": "{\"status\":200,\"message\":\"Desktop session result.\",\"result\":{\"data\":{\"aside_id\":\"43c08e25-76c6-4a86-a4df-7daa1637d7b7\",\"text\":\"Sentence 1 of this paragraph runs about this long, on purpose. Sentence 2 of this paragraph runs about this long, on purpose.\\n\\nSentence 1 of this paragraph runs about this long, on purpose. Sentence 2 of this paragraph runs about this long, on purpose. Sentence 3 of this paragraph runs about this long, on purpose. Sentence 4 of this paragraph runs about this long, on purpose. Sentence 5 of this paragraph runs about this long, on purpose. Sentence 6 of this paragraph r"
    },
    {
      "at": "2026-09-25T06:09:16.223Z",
      "url": "/v1/desktop/sessions/9957b4842090/asides",
      "asideId": "4fb48b0d-b099-4ea8-bc88-d3e420ff3349",
      "continues": null,
      "questionHead": "<reply-to>The retry budget is a per-provider allowance</repl",
      "text": "<reply-to>The retry budget is a per-provider allowance</reply-to>\nPARAGRID3: q59 one quote k3",
      "carriedSubscriptionField": true,
      "subscriptionId": "aa63905b22234e43ae71997ced9fffa4",
      "status": 200,
      "response": "{\"status\":200,\"message\":\"Desktop session result.\",\"result\":{\"data\":{\"aside_id\":\"4fb48b0d-b099-4ea8-bc88-d3e420ff3349\",\"text\":\"Sentence 1 of this paragraph runs about this long, on purpose. Sentence 2 of this paragraph runs about this long, on purpose. Sentence 3 of this paragraph runs about this long, on purpose.\\n\\nSentence 1 of this paragraph runs about this long, on purpose. Sentence 2 of this paragraph runs about this long, on purpose. Sentence 3 of this paragraph runs about this long, on purpose. Sentence 4 of this paragraph runs about this long, on purpose. Sentence 5 of this paragraph r"
    },
    {
      "at": "2026-09-25T06:09:22.437Z",
      "url": "/v1/desktop/sessions/9957b4842090/asides",
      "asideId": "c457b8ec-e13b-458c-85d0-f31aa822d383",
      "continues": null,
      "questionHead": "<reply-to>The retry budget is a per-provider allowance</repl",
      "text": "<reply-to>The retry budget is a per-provider allowance</reply-to>\nPARAGRID4: q59 one quote k4",
      "carriedSubscriptionField": true,
      "subscriptionId": "aa63905b22234e43ae71997ced9fffa4",
      "status": 200,
      "response": "{\"status\":200,\"message\":\"Desktop session result.\",\"result\":{\"data\":{\"aside_id\":\"c457b8ec-e13b-458c-85d0-f31aa822d383\",\"text\":\"Sentence 1 of this paragraph runs about this long, on purpose. Sentence 2 of this paragraph runs about this long, on purpose. Sentence 3 of this paragraph runs about this long, on purpose. Sentence 4 of this paragraph runs about this long, on purpose.\\n\\nSentence 1 of this paragraph runs about this long, on purpose. Sentence 2 of this paragraph runs about this long, on purpose. Sentence 3 of this paragraph runs about this long, on purpose. Sentence 4 of this paragraph r"
    },
    {
      "at": "2026-09-25T06:09:28.717Z",
      "url": "/v1/desktop/sessions/9957b4842090/asides",
      "asideId": "bea8ba38-2604-49b2-9bd9-05857c0c1e94",
      "continues": null,
      "questionHead": "<reply-to>The retry budget is a per-provider allowance</repl",
      "text": "<reply-to>The retry budget is a per-provider allowance</reply-to>\nPARAGRID5: q59 one quote k5",
      "carriedSubscriptionField": true,
      "subscriptionId": "aa63905b22234e43ae71997ced9fffa4",
      "status": 200,
      "response": "{\"status\":200,\"message\":\"Desktop session result.\",\"result\":{\"data\":{\"aside_id\":\"bea8ba38-2604-49b2-9bd9-05857c0c1e94\",\"text\":\"Sentence 1 of this paragraph runs about this long, on purpose. Sentence 2 of this paragraph runs about this long, on purpose. Sentence 3 of this paragraph runs about this long, on purpose. Sentence 4 of this paragraph runs about this long, on purpose. Sentence 5 of this paragraph runs about this long, on purpose.\\n\\nSentence 1 of this paragraph runs about this long, on purpose. Sentence 2 of this paragraph runs about this long, on purpose. Sentence 3 of this paragraph r"
    },
    {
      "at": "2026-09-25T06:09:35.376Z",
      "url": "/v1/desktop/sessions/9957b4842090/asides",
      "asideId": "63611435-8ef1-48a6-82c7-875052952f34",
      "continues": null,
      "questionHead": "<reply-to>The retry budget is a per-provider allowance</repl",
      "text": "<reply-to>The retry budget is a per-provider allowance</reply-to>\nPARAGRID6: q59 one quote k6",
      "carriedSubscriptionField": true,
      "subscriptionId": "aa63905b22234e43ae71997ced9fffa4",
      "status": 200,
      "response": "{\"status\":200,\"message\":\"Desktop session result.\",\"result\":{\"data\":{\"aside_id\":\"63611435-8ef1-48a6-82c7-875052952f34\",\"text\":\"Sentence 1 of this paragraph runs about this long, on purpose. Sentence 2 of this paragraph runs about this long, on purpose. Sentence 3 of this paragraph runs about this long, on purpose. Sentence 4 of this paragraph runs about this long, on purpose. Sentence 5 of this paragraph runs about this long, on purpose. Sentence 6 of this paragraph runs about this long, on purpose.\\n\\nSentence 1 of this paragraph runs about this long, on purpose. Sentence 2 of this paragraph r"
    },
    {
      "at": "2026-09-25T06:09:41.926Z",
      "url": "/v1/desktop/sessions/9957b4842090/asides",
      "asideId": "fe74a696-30fe-44ce-9005-523307a056cf",
      "continues": null,
      "questionHead": "<reply-to>The retry budget is a per-provider allowance</repl",
      "text": "<reply-to>The retry budget is a per-provider allowance</reply-to>\nPARAGRID7: q59 one quote k7",
      "carriedSubscriptionField": true,
      "subscriptionId": "aa63905b22234e43ae71997ced9fffa4",
      "status": 200,
      "response": "{\"status\":200,\"message\":\"Desktop session result.\",\"result\":{\"data\":{\"aside_id\":\"fe74a696-30fe-44ce-9005-523307a056cf\",\"text\":\"Sentence 1 of this paragraph runs about this long, on purpose. Sentence 2 of this paragraph runs about this long, on purpose. Sentence 3 of this paragraph runs about this long, on purpose. Sentence 4 of this paragraph runs about this long, on purpose. Sentence 5 of this paragraph runs about this long, on purpose. Sentence 6 of this paragraph runs about this long, on purpose. Sentence 7 of this paragraph runs about this long, on purpose.\\n\\nSentence 1 of this paragraph r"
    },
    {
      "at": "2026-09-25T06:09:47.555Z",
      "url": "/v1/desktop/sessions/9957b4842090/asides",
      "asideId": "11e1914a-2d1f-45c7-ab27-e08a9367690c",
      "continues": null,
      "questionHead": "<reply-to>The retry budget is a per-provider allowance</repl",
      "text": "<reply-to>The retry budget is a per-provider allowance</reply-to>\nPARAGRID8: q59 one quote k8",
      "carriedSubscriptionField": true,
      "subscriptionId": "aa63905b22234e43ae71997ced9fffa4",
      "status": 200,
      "response": "{\"status\":200,\"message\":\"Desktop session result.\",\"result\":{\"data\":{\"aside_id\":\"11e1914a-2d1f-45c7-ab27-e08a9367690c\",\"text\":\"Sentence 1 of this paragraph runs about this long, on purpose. Sentence 2 of this paragraph runs about this long, on purpose. Sentence 3 of this paragraph runs about this long, on purpose. Sentence 4 of this paragraph runs about this long, on purpose. Sentence 5 of this paragraph runs about this long, on purpose. Sentence 6 of this paragraph runs about this long, on purpose. Sentence 7 of this paragraph runs about this long, on purpose. Sentence 8 of this paragraph runs"
    },
    {
      "at": "2026-09-25T06:09:53.165Z",
      "url": "/v1/desktop/sessions/9957b4842090/asides",
      "asideId": "98a7322b-cbbc-4df4-b0d4-a0ddc87b373b",
      "continues": null,
      "questionHead": "<reply-to>The retry budget is a per-provider allowance</repl",
      "text": "<reply-to>The retry budget is a per-provider allowance</reply-to>\nPARAGRID9: q59 one quote k9",
      "carriedSubscriptionField": true,
      "subscriptionId": "aa63905b22234e43ae71997ced9fffa4",
      "status": 200,
      "response": "{\"status\":200,\"message\":\"Desktop session result.\",\"result\":{\"data\":{\"aside_id\":\"98a7322b-cbbc-4df4-b0d4-a0ddc87b373b\",\"text\":\"Sentence 1 of this paragraph runs about this long, on purpose. Sentence 2 of this paragraph runs about this long, on purpose. Sentence 3 of this paragraph runs about this long, on purpose. Sentence 4 of this paragraph runs about this long, on purpose. Sentence 5 of this paragraph runs about this long, on purpose. Sentence 6 of this paragraph runs about this long, on purpose. Sentence 7 of this paragraph runs about this long, on purpose. Sentence 8 of this paragraph runs"
    },
    {
      "at": "2026-09-25T06:10:00.708Z",
      "url": "/v1/desktop/sessions/9957b4842090/asides",
      "asideId": "05e85aac-585b-4126-97f5-b67db66cd5f7",
      "continues": null,
      "questionHead": "<reply-to>The retry budget is a per-provider allowance</repl",
      "text": "<reply-to>The retry budget is a per-provider allowance</reply-to>\n<reply-to>a 4xx spends nothing</reply-to>\nPARAGRID1: q59 two quotes k1",
      "carriedSubscriptionField": true,
      "subscriptionId": "aa63905b22234e43ae71997ced9fffa4",
      "status": 200,
      "response": "{\"status\":200,\"message\":\"Desktop session result.\",\"result\":{\"data\":{\"aside_id\":\"05e85aac-585b-4126-97f5-b67db66cd5f7\",\"text\":\"Sentence 1 of this paragraph runs about this long, on purpose.\\n\\nSentence 1 of this paragraph runs about this long, on purpose. Sentence 2 of this paragraph runs about this long, on purpose. Sentence 3 of this paragraph runs about this long, on purpose. Sentence 4 of this paragraph runs about this long, on purpose. Sentence 5 of this paragraph runs about this long, on purpose. Sentence 6 of this paragraph runs about this long, on purpose.\\n\\nSentence 1 of this paragrap"
    },
    {
      "at": "2026-09-25T06:10:06.502Z",
      "url": "/v1/desktop/sessions/9957b4842090/asides",
      "asideId": "a98f8b10-4be6-4e39-8d76-0c8865d643d2",
      "continues": null,
      "questionHead": "<reply-to>The retry budget is a per-provider allowance</repl",
      "text": "<reply-to>The retry budget is a per-provider allowance</reply-to>\n<reply-to>a 4xx spends nothing</reply-to>\nPARAGRID2: q59 two quotes k2",
      "carriedSubscriptionField": true,
      "subscriptionId": "aa63905b22234e43ae71997ced9fffa4",
      "status": 200,
      "response": "{\"status\":200,\"message\":\"Desktop session result.\",\"result\":{\"data\":{\"aside_id\":\"a98f8b10-4be6-4e39-8d76-0c8865d643d2\",\"text\":\"Sentence 1 of this paragraph runs about this long, on purpose. Sentence 2 of this paragraph runs about this long, on purpose.\\n\\nSentence 1 of this paragraph runs about this long, on purpose. Sentence 2 of this paragraph runs about this long, on purpose. Sentence 3 of this paragraph runs about this long, on purpose. Sentence 4 of this paragraph runs about this long, on purpose. Sentence 5 of this paragraph runs about this long, on purpose. Sentence 6 of this paragraph r"
    },
    {
      "at": "2026-09-25T06:10:12.604Z",
      "url": "/v1/desktop/sessions/9957b4842090/asides",
      "asideId": "d5d6e93f-b35a-4424-9813-635293637fb5",
      "continues": null,
      "questionHead": "<reply-to>The retry budget is a per-provider allowance</repl",
      "text": "<reply-to>The retry budget is a per-provider allowance</reply-to>\n<reply-to>a 4xx spends nothing</reply-to>\nPARAGRID3: q59 two quotes k3",
      "carriedSubscriptionField": true,
      "subscriptionId": "aa63905b22234e43ae71997ced9fffa4",
      "status": 200,
      "response": "{\"status\":200,\"message\":\"Desktop session result.\",\"result\":{\"data\":{\"aside_id\":\"d5d6e93f-b35a-4424-9813-635293637fb5\",\"text\":\"Sentence 1 of this paragraph runs about this long, on purpose. Sentence 2 of this paragraph runs about this long, on purpose. Sentence 3 of this paragraph runs about this long, on purpose.\\n\\nSentence 1 of this paragraph runs about this long, on purpose. Sentence 2 of this paragraph runs about this long, on purpose. Sentence 3 of this paragraph runs about this long, on purpose. Sentence 4 of this paragraph runs about this long, on purpose. Sentence 5 of this paragraph r"
    },
    {
      "at": "2026-09-25T06:10:19.132Z",
      "url": "/v1/desktop/sessions/9957b4842090/asides",
      "asideId": "46696b89-71c9-4e67-85b4-43b10b918005",
      "continues": null,
      "questionHead": "<reply-to>The retry budget is a per-provider allowance</repl",
      "text": "<reply-to>The retry budget is a per-provider allowance</reply-to>\n<reply-to>a 4xx spends nothing</reply-to>\nPARAGRID4: q59 two quotes k4",
      "carriedSubscriptionField": true,
      "subscriptionId": "aa63905b22234e43ae71997ced9fffa4",
      "status": 200,
      "response": "{\"status\":200,\"message\":\"Desktop session result.\",\"result\":{\"data\":{\"aside_id\":\"46696b89-71c9-4e67-85b4-43b10b918005\",\"text\":\"Sentence 1 of this paragraph runs about this long, on purpose. Sentence 2 of this paragraph runs about this long, on purpose. Sentence 3 of this paragraph runs about this long, on purpose. Sentence 4 of this paragraph runs about this long, on purpose.\\n\\nSentence 1 of this paragraph runs about this long, on purpose. Sentence 2 of this paragraph runs about this long, on purpose. Sentence 3 of this paragraph runs about this long, on purpose. Sentence 4 of this paragraph r"
    },
    {
      "at": "2026-09-25T06:10:25.758Z",
      "url": "/v1/desktop/sessions/9957b4842090/asides",
      "asideId": "5666609a-0b93-4976-a6ac-dbc9ed42fc4d",
      "continues": null,
      "questionHead": "<reply-to>The retry budget is a per-provider allowance</repl",
      "text": "<reply-to>The retry budget is a per-provider allowance</reply-to>\n<reply-to>a 4xx spends nothing</reply-to>\nPARAGRID5: q59 two quotes k5",
      "carriedSubscriptionField": true,
      "subscriptionId": "aa63905b22234e43ae71997ced9fffa4",
      "status": 200,
      "response": "{\"status\":200,\"message\":\"Desktop session result.\",\"result\":{\"data\":{\"aside_id\":\"5666609a-0b93-4976-a6ac-dbc9ed42fc4d\",\"text\":\"Sentence 1 of this paragraph runs about this long, on purpose. Sentence 2 of this paragraph runs about this long, on purpose. Sentence 3 of this paragraph runs about this long, on purpose. Sentence 4 of this paragraph runs about this long, on purpose. Sentence 5 of this paragraph runs about this long, on purpose.\\n\\nSentence 1 of this paragraph runs about this long, on purpose. Sentence 2 of this paragraph runs about this long, on purpose. Sentence 3 of this paragraph r"
    },
    {
      "at": "2026-09-25T06:10:31.837Z",
      "url": "/v1/desktop/sessions/9957b4842090/asides",
      "asideId": "5b8cdadb-0959-473c-aadb-f6b343ba1943",
      "continues": null,
      "questionHead": "<reply-to>The retry budget is a per-provider allowance</repl",
      "text": "<reply-to>The retry budget is a per-provider allowance</reply-to>\n<reply-to>a 4xx spends nothing</reply-to>\nPARAGRID6: q59 two quotes k6",
      "carriedSubscriptionField": true,
      "subscriptionId": "aa63905b22234e43ae71997ced9fffa4",
      "status": 200,
      "response": "{\"status\":200,\"message\":\"Desktop session result.\",\"result\":{\"data\":{\"aside_id\":\"5b8cdadb-0959-473c-aadb-f6b343ba1943\",\"text\":\"Sentence 1 of this paragraph runs about this long, on purpose. Sentence 2 of this paragraph runs about this long, on purpose. Sentence 3 of this paragraph runs about this long, on purpose. Sentence 4 of this paragraph runs about this long, on purpose. Sentence 5 of this paragraph runs about this long, on purpose. Sentence 6 of this paragraph runs about this long, on purpose.\\n\\nSentence 1 of this paragraph runs about this long, on purpose. Sentence 2 of this paragraph r"
    },
    {
      "at": "2026-09-25T06:10:39.128Z",
      "url": "/v1/desktop/sessions/9957b4842090/asides",
      "asideId": "ff2d336f-9d4c-4162-85d4-34e2956ce9c2",
      "continues": null,
      "questionHead": "<reply-to>The retry budget is a per-provider allowance</repl",
      "text": "<reply-to>The retry budget is a per-provider allowance</reply-to>\n<reply-to>a 4xx spends nothing</reply-to>\nPARAGRID7: q59 two quotes k7",
      "carriedSubscriptionField": true,
      "subscriptionId": "aa63905b22234e43ae71997ced9fffa4",
      "status": 200,
      "response": "{\"status\":200,\"message\":\"Desktop session result.\",\"result\":{\"data\":{\"aside_id\":\"ff2d336f-9d4c-4162-85d4-34e2956ce9c2\",\"text\":\"Sentence 1 of this paragraph runs about this long, on purpose. Sentence 2 of this paragraph runs about this long, on purpose. Sentence 3 of this paragraph runs about this long, on purpose. Sentence 4 of this paragraph runs about this long, on purpose. Sentence 5 of this paragraph runs about this long, on purpose. Sentence 6 of this paragraph runs about this long, on purpose. Sentence 7 of this paragraph runs about this long, on purpose.\\n\\nSentence 1 of this paragraph r"
    },
    {
      "at": "2026-09-25T06:10:45.191Z",
      "url": "/v1/desktop/sessions/9957b4842090/asides",
      "asideId": "d9cde347-5096-41d1-83af-15e0c46fff06",
      "continues": null,
      "questionHead": "<reply-to>The retry budget is a per-provider allowance</repl",
      "text": "<reply-to>The retry budget is a per-provider allowance</reply-to>\n<reply-to>a 4xx spends nothing</reply-to>\nPARAGRID8: q59 two quotes k8",
      "carriedSubscriptionField": true,
      "subscriptionId": "aa63905b22234e43ae71997ced9fffa4",
      "status": 200,
      "response": "{\"status\":200,\"message\":\"Desktop session result.\",\"result\":{\"data\":{\"aside_id\":\"d9cde347-5096-41d1-83af-15e0c46fff06\",\"text\":\"Sentence 1 of this paragraph runs about this long, on purpose. Sentence 2 of this paragraph runs about this long, on purpose. Sentence 3 of this paragraph runs about this long, on purpose. Sentence 4 of this paragraph runs about this long, on purpose. Sentence 5 of this paragraph runs about this long, on purpose. Sentence 6 of this paragraph runs about this long, on purpose. Sentence 7 of this paragraph runs about this long, on purpose. Sentence 8 of this paragraph runs"
    },
    {
      "at": "2026-09-25T06:10:52.134Z",
      "url": "/v1/desktop/sessions/9957b4842090/asides",
      "asideId": "930cffcc-ea6d-426c-b07a-1ed317a0c012",
      "continues": null,
      "questionHead": "<reply-to>The retry budget is a per-provider allowance</repl",
      "text": "<reply-to>The retry budget is a per-provider allowance</reply-to>\n<reply-to>a 4xx spends nothing</reply-to>\nPARAGRID9: q59 two quotes k9",
      "carriedSubscriptionField": true,
      "subscriptionId": "aa63905b22234e43ae71997ced9fffa4",
      "status": 200,
      "response": "{\"status\":200,\"message\":\"Desktop session result.\",\"result\":{\"data\":{\"aside_id\":\"930cffcc-ea6d-426c-b07a-1ed317a0c012\",\"text\":\"Sentence 1 of this paragraph runs about this long, on purpose. Sentence 2 of this paragraph runs about this long, on purpose. Sentence 3 of this paragraph runs about this long, on purpose. Sentence 4 of this paragraph runs about this long, on purpose. Sentence 5 of this paragraph runs about this long, on purpose. Sentence 6 of this paragraph runs about this long, on purpose. Sentence 7 of this paragraph runs about this long, on purpose. Sentence 8 of this paragraph runs"
    },
    {
      "at": "2026-09-25T06:10:59.681Z",
      "url": "/v1/desktop/sessions/9957b4842090/asides",
      "asideId": "5b3ebf53-bdb7-4741-a2a9-095609c00763",
      "continues": null,
      "questionHead": "PARAGRID1: q59 with a question long enough that it has to wr",
      "text": "PARAGRID1: q59 with a question long enough that it has to wrap onto more than one line in the panel, because the ceiling is now said to count the question's MEASURED box and this checks what the edge does then k1",
      "carriedSubscriptionField": true,
      "subscriptionId": "aa63905b22234e43ae71997ced9fffa4",
      "status": 200,
      "response": "{\"status\":200,\"message\":\"Desktop session result.\",\"result\":{\"data\":{\"aside_id\":\"5b3ebf53-bdb7-4741-a2a9-095609c00763\",\"text\":\"Sentence 1 of this paragraph runs about this long, on purpose.\\n\\nSentence 1 of this paragraph runs about this long, on purpose. Sentence 2 of this paragraph runs about this long, on purpose. Sentence 3 of this paragraph runs about this long, on purpose. Sentence 4 of this paragraph runs about this long, on purpose. Sentence 5 of this paragraph runs about this long, on purpose. Sentence 6 of this paragraph runs about this long, on purpose.\\n\\nSentence 1 of this paragrap"
    },
    {
      "at": "2026-09-25T06:11:05.853Z",
      "url": "/v1/desktop/sessions/9957b4842090/asides",
      "asideId": "9ff9872e-6975-44d8-86e8-be2c7790e73b",
      "continues": null,
      "questionHead": "PARAGRID2: q59 with a question long enough that it has to wr",
      "text": "PARAGRID2: q59 with a question long enough that it has to wrap onto more than one line in the panel, because the ceiling is now said to count the question's MEASURED box and this checks what the edge does then k2",
      "carriedSubscriptionField": true,
      "subscriptionId": "aa63905b22234e43ae71997ced9fffa4",
      "status": 200,
      "response": "{\"status\":200,\"message\":\"Desktop session result.\",\"result\":{\"data\":{\"aside_id\":\"9ff9872e-6975-44d8-86e8-be2c7790e73b\",\"text\":\"Sentence 1 of this paragraph runs about this long, on purpose. Sentence 2 of this paragraph runs about this long, on purpose.\\n\\nSentence 1 of this paragraph runs about this long, on purpose. Sentence 2 of this paragraph runs about this long, on purpose. Sentence 3 of this paragraph runs about this long, on purpose. Sentence 4 of this paragraph runs about this long, on purpose. Sentence 5 of this paragraph runs about this long, on purpose. Sentence 6 of this paragraph r"
    },
    {
      "at": "2026-09-25T06:11:11.012Z",
      "url": "/v1/desktop/sessions/9957b4842090/asides",
      "asideId": "4d70a942-b29a-418e-80a4-3873998c0281",
      "continues": null,
      "questionHead": "PARAGRID3: q59 with a question long enough that it has to wr",
      "text": "PARAGRID3: q59 with a question long enough that it has to wrap onto more than one line in the panel, because the ceiling is now said to count the question's MEASURED box and this checks what the edge does then k3",
      "carriedSubscriptionField": true,
      "subscriptionId": "aa63905b22234e43ae71997ced9fffa4",
      "status": 200,
      "response": "{\"status\":200,\"message\":\"Desktop session result.\",\"result\":{\"data\":{\"aside_id\":\"4d70a942-b29a-418e-80a4-3873998c0281\",\"text\":\"Sentence 1 of this paragraph runs about this long, on purpose. Sentence 2 of this paragraph runs about this long, on purpose. Sentence 3 of this paragraph runs about this long, on purpose.\\n\\nSentence 1 of this paragraph runs about this long, on purpose. Sentence 2 of this paragraph runs about this long, on purpose. Sentence 3 of this paragraph runs about this long, on purpose. Sentence 4 of this paragraph runs about this long, on purpose. Sentence 5 of this paragraph r"
    },
    {
      "at": "2026-09-25T06:11:16.566Z",
      "url": "/v1/desktop/sessions/9957b4842090/asides",
      "asideId": "b1f04e02-0258-4ce6-b7a9-14205fa1a285",
      "continues": null,
      "questionHead": "PARAGRID4: q59 with a question long enough that it has to wr",
      "text": "PARAGRID4: q59 with a question long enough that it has to wrap onto more than one line in the panel, because the ceiling is now said to count the question's MEASURED box and this checks what the edge does then k4",
      "carriedSubscriptionField": true,
      "subscriptionId": "aa63905b22234e43ae71997ced9fffa4",
      "status": 200,
      "response": "{\"status\":200,\"message\":\"Desktop session result.\",\"result\":{\"data\":{\"aside_id\":\"b1f04e02-0258-4ce6-b7a9-14205fa1a285\",\"text\":\"Sentence 1 of this paragraph runs about this long, on purpose. Sentence 2 of this paragraph runs about this long, on purpose. Sentence 3 of this paragraph runs about this long, on purpose. Sentence 4 of this paragraph runs about this long, on purpose.\\n\\nSentence 1 of this paragraph runs about this long, on purpose. Sentence 2 of this paragraph runs about this long, on purpose. Sentence 3 of this paragraph runs about this long, on purpose. Sentence 4 of this paragraph r"
    },
    {
      "at": "2026-09-25T06:11:21.817Z",
      "url": "/v1/desktop/sessions/9957b4842090/asides",
      "asideId": "b814e820-5dae-4329-bf14-23e827481888",
      "continues": null,
      "questionHead": "PARAGRID5: q59 with a question long enough that it has to wr",
      "text": "PARAGRID5: q59 with a question long enough that it has to wrap onto more than one line in the panel, because the ceiling is now said to count the question's MEASURED box and this checks what the edge does then k5",
      "carriedSubscriptionField": true,
      "subscriptionId": "aa63905b22234e43ae71997ced9fffa4",
      "status": 200,
      "response": "{\"status\":200,\"message\":\"Desktop session result.\",\"result\":{\"data\":{\"aside_id\":\"b814e820-5dae-4329-bf14-23e827481888\",\"text\":\"Sentence 1 of this paragraph runs about this long, on purpose. Sentence 2 of this paragraph runs about this long, on purpose. Sentence 3 of this paragraph runs about this long, on purpose. Sentence 4 of this paragraph runs about this long, on purpose. Sentence 5 of this paragraph runs about this long, on purpose.\\n\\nSentence 1 of this paragraph runs about this long, on purpose. Sentence 2 of this paragraph runs about this long, on purpose. Sentence 3 of this paragraph r"
    },
    {
      "at": "2026-09-25T06:11:27.204Z",
      "url": "/v1/desktop/sessions/9957b4842090/asides",
      "asideId": "bb15c40f-7591-46e0-b0b5-7d846e3ab1b2",
      "continues": null,
      "questionHead": "PARAGRID6: q59 with a question long enough that it has to wr",
      "text": "PARAGRID6: q59 with a question long enough that it has to wrap onto more than one line in the panel, because the ceiling is now said to count the question's MEASURED box and this checks what the edge does then k6",
      "carriedSubscriptionField": true,
      "subscriptionId": "aa63905b22234e43ae71997ced9fffa4",
      "status": 200,
      "response": "{\"status\":200,\"message\":\"Desktop session result.\",\"result\":{\"data\":{\"aside_id\":\"bb15c40f-7591-46e0-b0b5-7d846e3ab1b2\",\"text\":\"Sentence 1 of this paragraph runs about this long, on purpose. Sentence 2 of this paragraph runs about this long, on purpose. Sentence 3 of this paragraph runs about this long, on purpose. Sentence 4 of this paragraph runs about this long, on purpose. Sentence 5 of this paragraph runs about this long, on purpose. Sentence 6 of this paragraph runs about this long, on purpose.\\n\\nSentence 1 of this paragraph runs about this long, on purpose. Sentence 2 of this paragraph r"
    },
    {
      "at": "2026-09-25T06:11:32.877Z",
      "url": "/v1/desktop/sessions/9957b4842090/asides",
      "asideId": "d52e5cdd-1b8c-4ec9-a21c-19140323d44c",
      "continues": null,
      "questionHead": "PARAGRID7: q59 with a question long enough that it has to wr",
      "text": "PARAGRID7: q59 with a question long enough that it has to wrap onto more than one line in the panel, because the ceiling is now said to count the question's MEASURED box and this checks what the edge does then k7",
      "carriedSubscriptionField": true,
      "subscriptionId": "aa63905b22234e43ae71997ced9fffa4",
      "status": 200,
      "response": "{\"status\":200,\"message\":\"Desktop session result.\",\"result\":{\"data\":{\"aside_id\":\"d52e5cdd-1b8c-4ec9-a21c-19140323d44c\",\"text\":\"Sentence 1 of this paragraph runs about this long, on purpose. Sentence 2 of this paragraph runs about this long, on purpose. Sentence 3 of this paragraph runs about this long, on purpose. Sentence 4 of this paragraph runs about this long, on purpose. Sentence 5 of this paragraph runs about this long, on purpose. Sentence 6 of this paragraph runs about this long, on purpose. Sentence 7 of this paragraph runs about this long, on purpose.\\n\\nSentence 1 of this paragraph r"
    },
    {
      "at": "2026-09-25T06:11:38.358Z",
      "url": "/v1/desktop/sessions/9957b4842090/asides",
      "asideId": "a663b3ef-4574-4ed3-8c46-8383f09f2800",
      "continues": null,
      "questionHead": "PARAGRID8: q59 with a question long enough that it has to wr",
      "text": "PARAGRID8: q59 with a question long enough that it has to wrap onto more than one line in the panel, because the ceiling is now said to count the question's MEASURED box and this checks what the edge does then k8",
      "carriedSubscriptionField": true,
      "subscriptionId": "aa63905b22234e43ae71997ced9fffa4",
      "status": 200,
      "response": "{\"status\":200,\"message\":\"Desktop session result.\",\"result\":{\"data\":{\"aside_id\":\"a663b3ef-4574-4ed3-8c46-8383f09f2800\",\"text\":\"Sentence 1 of this paragraph runs about this long, on purpose. Sentence 2 of this paragraph runs about this long, on purpose. Sentence 3 of this paragraph runs about this long, on purpose. Sentence 4 of this paragraph runs about this long, on purpose. Sentence 5 of this paragraph runs about this long, on purpose. Sentence 6 of this paragraph runs about this long, on purpose. Sentence 7 of this paragraph runs about this long, on purpose. Sentence 8 of this paragraph runs"
    },
    {
      "at": "2026-09-25T06:11:44.010Z",
      "url": "/v1/desktop/sessions/9957b4842090/asides",
      "asideId": "941542aa-5be2-4bf3-be33-1733fe7874d2",
      "continues": null,
      "questionHead": "PARAGRID9: q59 with a question long enough that it has to wr",
      "text": "PARAGRID9: q59 with a question long enough that it has to wrap onto more than one line in the panel, because the ceiling is now said to count the question's MEASURED box and this checks what the edge does then k9",
      "carriedSubscriptionField": true,
      "subscriptionId": "aa63905b22234e43ae71997ced9fffa4",
      "status": 200,
      "response": "{\"status\":200,\"message\":\"Desktop session result.\",\"result\":{\"data\":{\"aside_id\":\"941542aa-5be2-4bf3-be33-1733fe7874d2\",\"text\":\"Sentence 1 of this paragraph runs about this long, on purpose. Sentence 2 of this paragraph runs about this long, on purpose. Sentence 3 of this paragraph runs about this long, on purpose. Sentence 4 of this paragraph runs about this long, on purpose. Sentence 5 of this paragraph runs about this long, on purpose. Sentence 6 of this paragraph runs about this long, on purpose. Sentence 7 of this paragraph runs about this long, on purpose. Sentence 8 of this paragraph runs"
    },
    {
      "at": "2026-09-25T06:11:51.174Z",
      "url": "/v1/desktop/sessions/9957b4842090/asides",
      "asideId": "2573f404-64ba-4afe-a774-f1eb77b7f6d0",
      "continues": null,
      "questionHead": "<reply-to>The retry budget is a per-provider allowance</repl",
      "text": "<reply-to>The retry budget is a per-provider allowance</reply-to>\nPARAGRID1: q59 quote and with a question long enough that it has to wrap onto more than one line in the panel, because the ceiling is now said to count the question's MEASURED box and this checks what the edge does then k1",
      "carriedSubscriptionField": true,
      "subscriptionId": "aa63905b22234e43ae71997ced9fffa4",
      "status": 200,
      "response": "{\"status\":200,\"message\":\"Desktop session result.\",\"result\":{\"data\":{\"aside_id\":\"2573f404-64ba-4afe-a774-f1eb77b7f6d0\",\"text\":\"Sentence 1 of this paragraph runs about this long, on purpose.\\n\\nSentence 1 of this paragraph runs about this long, on purpose. Sentence 2 of this paragraph runs about this long, on purpose. Sentence 3 of this paragraph runs about this long, on purpose. Sentence 4 of this paragraph runs about this long, on purpose. Sentence 5 of this paragraph runs about this long, on purpose. Sentence 6 of this paragraph runs about this long, on purpose.\\n\\nSentence 1 of this paragrap"
    },
    {
      "at": "2026-09-25T06:11:56.632Z",
      "url": "/v1/desktop/sessions/9957b4842090/asides",
      "asideId": "3c9087fd-2cff-42cc-a82b-e26c3eda6083",
      "continues": null,
      "questionHead": "<reply-to>The retry budget is a per-provider allowance</repl",
      "text": "<reply-to>The retry budget is a per-provider allowance</reply-to>\nPARAGRID2: q59 quote and with a question long enough that it has to wrap onto more than one line in the panel, because the ceiling is now said to count the question's MEASURED box and this checks what the edge does then k2",
      "carriedSubscriptionField": true,
      "subscriptionId": "aa63905b22234e43ae71997ced9fffa4",
      "status": 200,
      "response": "{\"status\":200,\"message\":\"Desktop session result.\",\"result\":{\"data\":{\"aside_id\":\"3c9087fd-2cff-42cc-a82b-e26c3eda6083\",\"text\":\"Sentence 1 of this paragraph runs about this long, on purpose. Sentence 2 of this paragraph runs about this long, on purpose.\\n\\nSentence 1 of this paragraph runs about this long, on purpose. Sentence 2 of this paragraph runs about this long, on purpose. Sentence 3 of this paragraph runs about this long, on purpose. Sentence 4 of this paragraph runs about this long, on purpose. Sentence 5 of this paragraph runs about this long, on purpose. Sentence 6 of this paragraph r"
    },
    {
      "at": "2026-09-25T06:12:01.994Z",
      "url": "/v1/desktop/sessions/9957b4842090/asides",
      "asideId": "89467987-832c-4d3c-aedc-727e9d6235fd",
      "continues": null,
      "questionHead": "<reply-to>The retry budget is a per-provider allowance</repl",
      "text": "<reply-to>The retry budget is a per-provider allowance</reply-to>\nPARAGRID3: q59 quote and with a question long enough that it has to wrap onto more than one line in the panel, because the ceiling is now said to count the question's MEASURED box and this checks what the edge does then k3",
      "carriedSubscriptionField": true,
      "subscriptionId": "aa63905b22234e43ae71997ced9fffa4",
      "status": 200,
      "response": "{\"status\":200,\"message\":\"Desktop session result.\",\"result\":{\"data\":{\"aside_id\":\"89467987-832c-4d3c-aedc-727e9d6235fd\",\"text\":\"Sentence 1 of this paragraph runs about this long, on purpose. Sentence 2 of this paragraph runs about this long, on purpose. Sentence 3 of this paragraph runs about this long, on purpose.\\n\\nSentence 1 of this paragraph runs about this long, on purpose. Sentence 2 of this paragraph runs about this long, on purpose. Sentence 3 of this paragraph runs about this long, on purpose. Sentence 4 of this paragraph runs about this long, on purpose. Sentence 5 of this paragraph r"
    },
    {
      "at": "2026-09-25T06:12:07.700Z",
      "url": "/v1/desktop/sessions/9957b4842090/asides",
      "asideId": "6a3b5ef9-7051-42e1-988d-f518bf691a00",
      "continues": null,
      "questionHead": "<reply-to>The retry budget is a per-provider allowance</repl",
      "text": "<reply-to>The retry budget is a per-provider allowance</reply-to>\nPARAGRID4: q59 quote and with a question long enough that it has to wrap onto more than one line in the panel, because the ceiling is now said to count the question's MEASURED box and this checks what the edge does then k4",
      "carriedSubscriptionField": true,
      "subscriptionId": "aa63905b22234e43ae71997ced9fffa4",
      "status": 200,
      "response": "{\"status\":200,\"message\":\"Desktop session result.\",\"result\":{\"data\":{\"aside_id\":\"6a3b5ef9-7051-42e1-988d-f518bf691a00\",\"text\":\"Sentence 1 of this paragraph runs about this long, on purpose. Sentence 2 of this paragraph runs about this long, on purpose. Sentence 3 of this paragraph runs about this long, on purpose. Sentence 4 of this paragraph runs about this long, on purpose.\\n\\nSentence 1 of this paragraph runs about this long, on purpose. Sentence 2 of this paragraph runs about this long, on purpose. Sentence 3 of this paragraph runs about this long, on purpose. Sentence 4 of this paragraph r"
    },
    {
      "at": "2026-09-25T06:12:15.006Z",
      "url": "/v1/desktop/sessions/9957b4842090/asides",
      "asideId": "8420cb00-4fca-4b00-99b4-f5e511b762e1",
      "continues": null,
      "questionHead": "<reply-to>The retry budget is a per-provider allowance</repl",
      "text": "<reply-to>The retry budget is a per-provider allowance</reply-to>\nPARAGRID5: q59 quote and with a question long enough that it has to wrap onto more than one line in the panel, because the ceiling is now said to count the question's MEASURED box and this checks what the edge does then k5",
      "carriedSubscriptionField": true,
      "subscriptionId": "aa63905b22234e43ae71997ced9fffa4",
      "status": 200,
      "response": "{\"status\":200,\"message\":\"Desktop session result.\",\"result\":{\"data\":{\"aside_id\":\"8420cb00-4fca-4b00-99b4-f5e511b762e1\",\"text\":\"Sentence 1 of this paragraph runs about this long, on purpose. Sentence 2 of this paragraph runs about this long, on purpose. Sentence 3 of this paragraph runs about this long, on purpose. Sentence 4 of this paragraph runs about this long, on purpose. Sentence 5 of this paragraph runs about this long, on purpose.\\n\\nSentence 1 of this paragraph runs about this long, on purpose. Sentence 2 of this paragraph runs about this long, on purpose. Sentence 3 of this paragraph r"
    },
    {
      "at": "2026-09-25T06:12:21.358Z",
      "url": "/v1/desktop/sessions/9957b4842090/asides",
      "asideId": "d0c51ab7-34f7-42d6-995b-0284793e7361",
      "continues": null,
      "questionHead": "<reply-to>The retry budget is a per-provider allowance</repl",
      "text": "<reply-to>The retry budget is a per-provider allowance</reply-to>\nPARAGRID6: q59 quote and with a question long enough that it has to wrap onto more than one line in the panel, because the ceiling is now said to count the question's MEASURED box and this checks what the edge does then k6",
      "carriedSubscriptionField": true,
      "subscriptionId": "aa63905b22234e43ae71997ced9fffa4",
      "status": 200,
      "response": "{\"status\":200,\"message\":\"Desktop session result.\",\"result\":{\"data\":{\"aside_id\":\"d0c51ab7-34f7-42d6-995b-0284793e7361\",\"text\":\"Sentence 1 of this paragraph runs about this long, on purpose. Sentence 2 of this paragraph runs about this long, on purpose. Sentence 3 of this paragraph runs about this long, on purpose. Sentence 4 of this paragraph runs about this long, on purpose. Sentence 5 of this paragraph runs about this long, on purpose. Sentence 6 of this paragraph runs about this long, on purpose.\\n\\nSentence 1 of this paragraph runs about this long, on purpose. Sentence 2 of this paragraph r"
    },
    {
      "at": "2026-09-25T06:12:28.720Z",
      "url": "/v1/desktop/sessions/9957b4842090/asides",
      "asideId": "e72431ef-1926-4622-a6f4-488931f0457d",
      "continues": null,
      "questionHead": "<reply-to>The retry budget is a per-provider allowance</repl",
      "text": "<reply-to>The retry budget is a per-provider allowance</reply-to>\nPARAGRID7: q59 quote and with a question long enough that it has to wrap onto more than one line in the panel, because the ceiling is now said to count the question's MEASURED box and this checks what the edge does then k7",
      "carriedSubscriptionField": true,
      "subscriptionId": "aa63905b22234e43ae71997ced9fffa4",
      "status": 200,
      "response": "{\"status\":200,\"message\":\"Desktop session result.\",\"result\":{\"data\":{\"aside_id\":\"e72431ef-1926-4622-a6f4-488931f0457d\",\"text\":\"Sentence 1 of this paragraph runs about this long, on purpose. Sentence 2 of this paragraph runs about this long, on purpose. Sentence 3 of this paragraph runs about this long, on purpose. Sentence 4 of this paragraph runs about this long, on purpose. Sentence 5 of this paragraph runs about this long, on purpose. Sentence 6 of this paragraph runs about this long, on purpose. Sentence 7 of this paragraph runs about this long, on purpose.\\n\\nSentence 1 of this paragraph r"
    },
    {
      "at": "2026-09-25T06:12:35.138Z",
      "url": "/v1/desktop/sessions/9957b4842090/asides",
      "asideId": "f50a92af-4646-4be6-99db-bb3ab74691b9",
      "continues": null,
      "questionHead": "<reply-to>The retry budget is a per-provider allowance</repl",
      "text": "<reply-to>The retry budget is a per-provider allowance</reply-to>\nPARAGRID8: q59 quote and with a question long enough that it has to wrap onto more than one line in the panel, because the ceiling is now said to count the question's MEASURED box and this checks what the edge does then k8",
      "carriedSubscriptionField": true,
      "subscriptionId": "aa63905b22234e43ae71997ced9fffa4",
      "status": 200,
      "response": "{\"status\":200,\"message\":\"Desktop session result.\",\"result\":{\"data\":{\"aside_id\":\"f50a92af-4646-4be6-99db-bb3ab74691b9\",\"text\":\"Sentence 1 of this paragraph runs about this long, on purpose. Sentence 2 of this paragraph runs about this long, on purpose. Sentence 3 of this paragraph runs about this long, on purpose. Sentence 4 of this paragraph runs about this long, on purpose. Sentence 5 of this paragraph runs about this long, on purpose. Sentence 6 of this paragraph runs about this long, on purpose. Sentence 7 of this paragraph runs about this long, on purpose. Sentence 8 of this paragraph runs"
    },
    {
      "at": "2026-09-25T06:12:41.206Z",
      "url": "/v1/desktop/sessions/9957b4842090/asides",
      "asideId": "498dc3d5-0ce3-47b3-aad9-037fe6ff0b1d",
      "continues": null,
      "questionHead": "<reply-to>The retry budget is a per-provider allowance</repl",
      "text": "<reply-to>The retry budget is a per-provider allowance</reply-to>\nPARAGRID9: q59 quote and with a question long enough that it has to wrap onto more than one line in the panel, because the ceiling is now said to count the question's MEASURED box and this checks what the edge does then k9",
      "carriedSubscriptionField": true,
      "subscriptionId": "aa63905b22234e43ae71997ced9fffa4",
      "status": 200,
      "response": "{\"status\":200,\"message\":\"Desktop session result.\",\"result\":{\"data\":{\"aside_id\":\"498dc3d5-0ce3-47b3-aad9-037fe6ff0b1d\",\"text\":\"Sentence 1 of this paragraph runs about this long, on purpose. Sentence 2 of this paragraph runs about this long, on purpose. Sentence 3 of this paragraph runs about this long, on purpose. Sentence 4 of this paragraph runs about this long, on purpose. Sentence 5 of this paragraph runs about this long, on purpose. Sentence 6 of this paragraph runs about this long, on purpose. Sentence 7 of this paragraph runs about this long, on purpose. Sentence 8 of this paragraph runs"
    },
    {
      "at": "2026-09-25T06:12:48.245Z",
      "url": "/v1/desktop/sessions/9957b4842090/asides",
      "asideId": "de902d69-4134-4516-ae9a-c8eb960cb697",
      "continues": null,
      "questionHead": "<reply-to>A dropped connection, a reset stream, a timeout be",
      "text": "<reply-to>A dropped connection, a reset stream, a timeout before the first byte and an owner 5xx each spend one unit; a 4xx spends nothing, because the request itself was refused and sending it again would be refused again.</reply-to>\nPARAGRID1: q59 a long quote and with a question long enough that it has to wrap onto more than one line in the panel, because the ceiling is now said to count the qu",
      "carriedSubscriptionField": true,
      "subscriptionId": "aa63905b22234e43ae71997ced9fffa4",
      "status": 200,
      "response": "{\"status\":200,\"message\":\"Desktop session result.\",\"result\":{\"data\":{\"aside_id\":\"de902d69-4134-4516-ae9a-c8eb960cb697\",\"text\":\"Sentence 1 of this paragraph runs about this long, on purpose.\\n\\nSentence 1 of this paragraph runs about this long, on purpose. Sentence 2 of this paragraph runs about this long, on purpose. Sentence 3 of this paragraph runs about this long, on purpose. Sentence 4 of this paragraph runs about this long, on purpose. Sentence 5 of this paragraph runs about this long, on purpose. Sentence 6 of this paragraph runs about this long, on purpose.\\n\\nSentence 1 of this paragrap"
    },
    {
      "at": "2026-09-25T06:13:38.133Z",
      "url": "/v1/desktop/sessions/9957b4842090/asides",
      "asideId": "e053ed75-fe97-4afb-ae6e-55d8b9be32da",
      "continues": null,
      "questionHead": "<reply-to>A dropped connection, a reset stream, a timeout be",
      "text": "<reply-to>A dropped connection, a reset stream, a timeout before the first byte and an owner 5xx each spend one unit; a 4xx spends nothing, because the request itself was refused and sending it again would be refused again.</reply-to>\nPARAGRID2: q59 a long quote and with a question long enough that it has to wrap onto more than one line in the panel, because the ceiling is now said to count the qu",
      "carriedSubscriptionField": true,
      "subscriptionId": "aa63905b22234e43ae71997ced9fffa4",
      "status": 200,
      "response": "{\"status\":200,\"message\":\"Desktop session result.\",\"result\":{\"data\":{\"aside_id\":\"e053ed75-fe97-4afb-ae6e-55d8b9be32da\",\"text\":\"Sentence 1 of this paragraph runs about this long, on purpose. Sentence 2 of this paragraph runs about this long, on purpose.\\n\\nSentence 1 of this paragraph runs about this long, on purpose. Sentence 2 of this paragraph runs about this long, on purpose. Sentence 3 of this paragraph runs about this long, on purpose. Sentence 4 of this paragraph runs about this long, on purpose. Sentence 5 of this paragraph runs about this long, on purpose. Sentence 6 of this paragraph r"
    },
    {
      "at": "2026-09-25T06:14:26.385Z",
      "url": "/v1/desktop/sessions/9957b4842090/asides",
      "asideId": "46a39ee8-a4e5-4949-8483-b799eabdf24b",
      "continues": null,
      "questionHead": "<reply-to>A dropped connection, a reset stream, a timeout be",
      "text": "<reply-to>A dropped connection, a reset stream, a timeout before the first byte and an owner 5xx each spend one unit; a 4xx spends nothing, because the request itself was refused and sending it again would be refused again.</reply-to>\nPARAGRID3: q59 a long quote and with a question long enough that it has to wrap onto more than one line in the panel, because the ceiling is now said to count the qu",
      "carriedSubscriptionField": true,
      "subscriptionId": "aa63905b22234e43ae71997ced9fffa4",
      "status": 200,
      "response": "{\"status\":200,\"message\":\"Desktop session result.\",\"result\":{\"data\":{\"aside_id\":\"46a39ee8-a4e5-4949-8483-b799eabdf24b\",\"text\":\"Sentence 1 of this paragraph runs about this long, on purpose. Sentence 2 of this paragraph runs about this long, on purpose. Sentence 3 of this paragraph runs about this long, on purpose.\\n\\nSentence 1 of this paragraph runs about this long, on purpose. Sentence 2 of this paragraph runs about this long, on purpose. Sentence 3 of this paragraph runs about this long, on purpose. Sentence 4 of this paragraph runs about this long, on purpose. Sentence 5 of this paragraph r"
    },
    {
      "at": "2026-09-25T06:15:15.491Z",
      "url": "/v1/desktop/sessions/9957b4842090/asides",
      "asideId": "49aba9c7-02db-4e56-a60b-25ff425cf64d",
      "continues": null,
      "questionHead": "<reply-to>A dropped connection, a reset stream, a timeout be",
      "text": "<reply-to>A dropped connection, a reset stream, a timeout before the first byte and an owner 5xx each spend one unit; a 4xx spends nothing, because the request itself was refused and sending it again would be refused again.</reply-to>\nPARAGRID4: q59 a long quote and with a question long enough that it has to wrap onto more than one line in the panel, because the ceiling is now said to count the qu",
      "carriedSubscriptionField": true,
      "subscriptionId": "aa63905b22234e43ae71997ced9fffa4",
      "status": 200,
      "response": "{\"status\":200,\"message\":\"Desktop session result.\",\"result\":{\"data\":{\"aside_id\":\"49aba9c7-02db-4e56-a60b-25ff425cf64d\",\"text\":\"Sentence 1 of this paragraph runs about this long, on purpose. Sentence 2 of this paragraph runs about this long, on purpose. Sentence 3 of this paragraph runs about this long, on purpose. Sentence 4 of this paragraph runs about this long, on purpose.\\n\\nSentence 1 of this paragraph runs about this long, on purpose. Sentence 2 of this paragraph runs about this long, on purpose. Sentence 3 of this paragraph runs about this long, on purpose. Sentence 4 of this paragraph r"
    },
    {
      "at": "2026-09-25T06:16:04.416Z",
      "url": "/v1/desktop/sessions/9957b4842090/asides",
      "asideId": "cfd17a35-f3ce-4d7b-a520-8b694161a2a8",
      "continues": null,
      "questionHead": "<reply-to>A dropped connection, a reset stream, a timeout be",
      "text": "<reply-to>A dropped connection, a reset stream, a timeout before the first byte and an owner 5xx each spend one unit; a 4xx spends nothing, because the request itself was refused and sending it again would be refused again.</reply-to>\nPARAGRID5: q59 a long quote and with a question long enough that it has to wrap onto more than one line in the panel, because the ceiling is now said to count the qu",
      "carriedSubscriptionField": true,
      "subscriptionId": "aa63905b22234e43ae71997ced9fffa4",
      "status": 200,
      "response": "{\"status\":200,\"message\":\"Desktop session result.\",\"result\":{\"data\":{\"aside_id\":\"cfd17a35-f3ce-4d7b-a520-8b694161a2a8\",\"text\":\"Sentence 1 of this paragraph runs about this long, on purpose. Sentence 2 of this paragraph runs about this long, on purpose. Sentence 3 of this paragraph runs about this long, on purpose. Sentence 4 of this paragraph runs about this long, on purpose. Sentence 5 of this paragraph runs about this long, on purpose.\\n\\nSentence 1 of this paragraph runs about this long, on purpose. Sentence 2 of this paragraph runs about this long, on purpose. Sentence 3 of this paragraph r"
    },
    {
      "at": "2026-09-25T06:16:54.590Z",
      "url": "/v1/desktop/sessions/9957b4842090/asides",
      "asideId": "f955bd4c-f1ee-4aad-8690-191a1d32c413",
      "continues": null,
      "questionHead": "<reply-to>A dropped connection, a reset stream, a timeout be",
      "text": "<reply-to>A dropped connection, a reset stream, a timeout before the first byte and an owner 5xx each spend one unit; a 4xx spends nothing, because the request itself was refused and sending it again would be refused again.</reply-to>\nPARAGRID6: q59 a long quote and with a question long enough that it has to wrap onto more than one line in the panel, because the ceiling is now said to count the qu",
      "carriedSubscriptionField": true,
      "subscriptionId": "aa63905b22234e43ae71997ced9fffa4",
      "status": 200,
      "response": "{\"status\":200,\"message\":\"Desktop session result.\",\"result\":{\"data\":{\"aside_id\":\"f955bd4c-f1ee-4aad-8690-191a1d32c413\",\"text\":\"Sentence 1 of this paragraph runs about this long, on purpose. Sentence 2 of this paragraph runs about this long, on purpose. Sentence 3 of this paragraph runs about this long, on purpose. Sentence 4 of this paragraph runs about this long, on purpose. Sentence 5 of this paragraph runs about this long, on purpose. Sentence 6 of this paragraph runs about this long, on purpose.\\n\\nSentence 1 of this paragraph runs about this long, on purpose. Sentence 2 of this paragraph r"
    },
    {
      "at": "2026-09-25T06:17:43.732Z",
      "url": "/v1/desktop/sessions/9957b4842090/asides",
      "asideId": "c6904a3a-19cb-4e76-b513-ee5d8378be89",
      "continues": null,
      "questionHead": "<reply-to>A dropped connection, a reset stream, a timeout be",
      "text": "<reply-to>A dropped connection, a reset stream, a timeout before the first byte and an owner 5xx each spend one unit; a 4xx spends nothing, because the request itself was refused and sending it again would be refused again.</reply-to>\nPARAGRID7: q59 a long quote and with a question long enough that it has to wrap onto more than one line in the panel, because the ceiling is now said to count the qu",
      "carriedSubscriptionField": true,
      "subscriptionId": "aa63905b22234e43ae71997ced9fffa4",
      "status": 200,
      "response": "{\"status\":200,\"message\":\"Desktop session result.\",\"result\":{\"data\":{\"aside_id\":\"c6904a3a-19cb-4e76-b513-ee5d8378be89\",\"text\":\"Sentence 1 of this paragraph runs about this long, on purpose. Sentence 2 of this paragraph runs about this long, on purpose. Sentence 3 of this paragraph runs about this long, on purpose. Sentence 4 of this paragraph runs about this long, on purpose. Sentence 5 of this paragraph runs about this long, on purpose. Sentence 6 of this paragraph runs about this long, on purpose. Sentence 7 of this paragraph runs about this long, on purpose.\\n\\nSentence 1 of this paragraph r"
    },
    {
      "at": "2026-09-25T06:18:32.889Z",
      "url": "/v1/desktop/sessions/9957b4842090/asides",
      "asideId": "574a4523-5c1b-428c-acd2-b5afe8e0c3a6",
      "continues": null,
      "questionHead": "<reply-to>A dropped connection, a reset stream, a timeout be",
      "text": "<reply-to>A dropped connection, a reset stream, a timeout before the first byte and an owner 5xx each spend one unit; a 4xx spends nothing, because the request itself was refused and sending it again would be refused again.</reply-to>\nPARAGRID8: q59 a long quote and with a question long enough that it has to wrap onto more than one line in the panel, because the ceiling is now said to count the qu",
      "carriedSubscriptionField": true,
      "subscriptionId": "aa63905b22234e43ae71997ced9fffa4",
      "status": 200,
      "response": "{\"status\":200,\"message\":\"Desktop session result.\",\"result\":{\"data\":{\"aside_id\":\"574a4523-5c1b-428c-acd2-b5afe8e0c3a6\",\"text\":\"Sentence 1 of this paragraph runs about this long, on purpose. Sentence 2 of this paragraph runs about this long, on purpose. Sentence 3 of this paragraph runs about this long, on purpose. Sentence 4 of this paragraph runs about this long, on purpose. Sentence 5 of this paragraph runs about this long, on purpose. Sentence 6 of this paragraph runs about this long, on purpose. Sentence 7 of this paragraph runs about this long, on purpose. Sentence 8 of this paragraph runs"
    },
    {
      "at": "2026-09-25T06:19:25.492Z",
      "url": "/v1/desktop/sessions/9957b4842090/asides",
      "asideId": "b598dffa-aded-4955-b16e-cf01088caaec",
      "continues": null,
      "questionHead": "<reply-to>A dropped connection, a reset stream, a timeout be",
      "text": "<reply-to>A dropped connection, a reset stream, a timeout before the first byte and an owner 5xx each spend one unit; a 4xx spends nothing, because the request itself was refused and sending it again would be refused again.</reply-to>\nPARAGRID9: q59 a long quote and with a question long enough that it has to wrap onto more than one line in the panel, because the ceiling is now said to count the qu",
      "carriedSubscriptionField": true,
      "subscriptionId": "aa63905b22234e43ae71997ced9fffa4",
      "status": 200,
      "response": "{\"status\":200,\"message\":\"Desktop session result.\",\"result\":{\"data\":{\"aside_id\":\"b598dffa-aded-4955-b16e-cf01088caaec\",\"text\":\"Sentence 1 of this paragraph runs about this long, on purpose. Sentence 2 of this paragraph runs about this long, on purpose. Sentence 3 of this paragraph runs about this long, on purpose. Sentence 4 of this paragraph runs about this long, on purpose. Sentence 5 of this paragraph runs about this long, on purpose. Sentence 6 of this paragraph runs about this long, on purpose. Sentence 7 of this paragraph runs about this long, on purpose. Sentence 8 of this paragraph runs"
    },
    {
      "at": "2026-09-25T06:20:16.487Z",
      "url": "/v1/desktop/sessions/9957b4842090/asides",
      "asideId": "7f2ff0f4-5572-494c-ab14-199058e4d3f9",
      "continues": null,
      "questionHead": "<reply-to>a 4xx spends nothing</reply-to>\nPARAGRID1: q59 one",
      "text": "<reply-to>a 4xx spends nothing</reply-to>\nPARAGRID1: q59 one k1",
      "carriedSubscriptionField": true,
      "subscriptionId": "aa63905b22234e43ae71997ced9fffa4",
      "status": 200,
      "response": "{\"status\":200,\"message\":\"Desktop session result.\",\"result\":{\"data\":{\"aside_id\":\"7f2ff0f4-5572-494c-ab14-199058e4d3f9\",\"text\":\"Sentence 1 of this paragraph runs about this long, on purpose.\\n\\nSentence 1 of this paragraph runs about this long, on purpose. Sentence 2 of this paragraph runs about this long, on purpose. Sentence 3 of this paragraph runs about this long, on purpose. Sentence 4 of this paragraph runs about this long, on purpose. Sentence 5 of this paragraph runs about this long, on purpose. Sentence 6 of this paragraph runs about this long, on purpose.\\n\\nSentence 1 of this paragrap"
    },
    {
      "at": "2026-09-25T06:20:22.356Z",
      "url": "/v1/desktop/sessions/9957b4842090/asides",
      "asideId": "e9e614b2-2d07-49db-bfec-26de8aaace0c",
      "continues": null,
      "questionHead": "<reply-to>a 4xx spends nothing</reply-to>\nPARAGRID2: q59 one",
      "text": "<reply-to>a 4xx spends nothing</reply-to>\nPARAGRID2: q59 one k2",
      "carriedSubscriptionField": true,
      "subscriptionId": "aa63905b22234e43ae71997ced9fffa4",
      "status": 200,
      "response": "{\"status\":200,\"message\":\"Desktop session result.\",\"result\":{\"data\":{\"aside_id\":\"e9e614b2-2d07-49db-bfec-26de8aaace0c\",\"text\":\"Sentence 1 of this paragraph runs about this long, on purpose. Sentence 2 of this paragraph runs about this long, on purpose.\\n\\nSentence 1 of this paragraph runs about this long, on purpose. Sentence 2 of this paragraph runs about this long, on purpose. Sentence 3 of this paragraph runs about this long, on purpose. Sentence 4 of this paragraph runs about this long, on purpose. Sentence 5 of this paragraph runs about this long, on purpose. Sentence 6 of this paragraph r"
    },
    {
      "at": "2026-09-25T06:20:28.482Z",
      "url": "/v1/desktop/sessions/9957b4842090/asides",
      "asideId": "60677002-5035-4f7c-a6a7-ae185368c4ca",
      "continues": null,
      "questionHead": "<reply-to>a 4xx spends nothing</reply-to>\nPARAGRID3: q59 one",
      "text": "<reply-to>a 4xx spends nothing</reply-to>\nPARAGRID3: q59 one k3",
      "carriedSubscriptionField": true,
      "subscriptionId": "aa63905b22234e43ae71997ced9fffa4",
      "status": 200,
      "response": "{\"status\":200,\"message\":\"Desktop session result.\",\"result\":{\"data\":{\"aside_id\":\"60677002-5035-4f7c-a6a7-ae185368c4ca\",\"text\":\"Sentence 1 of this paragraph runs about this long, on purpose. Sentence 2 of this paragraph runs about this long, on purpose. Sentence 3 of this paragraph runs about this long, on purpose.\\n\\nSentence 1 of this paragraph runs about this long, on purpose. Sentence 2 of this paragraph runs about this long, on purpose. Sentence 3 of this paragraph runs about this long, on purpose. Sentence 4 of this paragraph runs about this long, on purpose. Sentence 5 of this paragraph r"
    },
    {
      "at": "2026-09-25T06:20:35.403Z",
      "url": "/v1/desktop/sessions/9957b4842090/asides",
      "asideId": "1eac7633-ece1-4bf7-b294-c68039a31245",
      "continues": null,
      "questionHead": "<reply-to>a 4xx spends nothing</reply-to>\nPARAGRID4: q59 one",
      "text": "<reply-to>a 4xx spends nothing</reply-to>\nPARAGRID4: q59 one k4",
      "carriedSubscriptionField": true,
      "subscriptionId": "aa63905b22234e43ae71997ced9fffa4",
      "status": 200,
      "response": "{\"status\":200,\"message\":\"Desktop session result.\",\"result\":{\"data\":{\"aside_id\":\"1eac7633-ece1-4bf7-b294-c68039a31245\",\"text\":\"Sentence 1 of this paragraph runs about this long, on purpose. Sentence 2 of this paragraph runs about this long, on purpose. Sentence 3 of this paragraph runs about this long, on purpose. Sentence 4 of this paragraph runs about this long, on purpose.\\n\\nSentence 1 of this paragraph runs about this long, on purpose. Sentence 2 of this paragraph runs about this long, on purpose. Sentence 3 of this paragraph runs about this long, on purpose. Sentence 4 of this paragraph r"
    },
    {
      "at": "2026-09-25T06:20:41.266Z",
      "url": "/v1/desktop/sessions/9957b4842090/asides",
      "asideId": "c1a1c224-b242-4775-b8de-5941485bc847",
      "continues": null,
      "questionHead": "<reply-to>a 4xx spends nothing</reply-to>\nPARAGRID5: q59 one",
      "text": "<reply-to>a 4xx spends nothing</reply-to>\nPARAGRID5: q59 one k5",
      "carriedSubscriptionField": true,
      "subscriptionId": "aa63905b22234e43ae71997ced9fffa4",
      "status": 200,
      "response": "{\"status\":200,\"message\":\"Desktop session result.\",\"result\":{\"data\":{\"aside_id\":\"c1a1c224-b242-4775-b8de-5941485bc847\",\"text\":\"Sentence 1 of this paragraph runs about this long, on purpose. Sentence 2 of this paragraph runs about this long, on purpose. Sentence 3 of this paragraph runs about this long, on purpose. Sentence 4 of this paragraph runs about this long, on purpose. Sentence 5 of this paragraph runs about this long, on purpose.\\n\\nSentence 1 of this paragraph runs about this long, on purpose. Sentence 2 of this paragraph runs about this long, on purpose. Sentence 3 of this paragraph r"
    },
    {
      "at": "2026-09-25T06:20:46.980Z",
      "url": "/v1/desktop/sessions/9957b4842090/asides",
      "asideId": "3f9d84b1-4332-4e5c-94d3-cb5a7ed94f34",
      "continues": null,
      "questionHead": "<reply-to>a 4xx spends nothing</reply-to>\nPARAGRID6: q59 one",
      "text": "<reply-to>a 4xx spends nothing</reply-to>\nPARAGRID6: q59 one k6",
      "carriedSubscriptionField": true,
      "subscriptionId": "aa63905b22234e43ae71997ced9fffa4",
      "status": 200,
      "response": "{\"status\":200,\"message\":\"Desktop session result.\",\"result\":{\"data\":{\"aside_id\":\"3f9d84b1-4332-4e5c-94d3-cb5a7ed94f34\",\"text\":\"Sentence 1 of this paragraph runs about this long, on purpose. Sentence 2 of this paragraph runs about this long, on purpose. Sentence 3 of this paragraph runs about this long, on purpose. Sentence 4 of this paragraph runs about this long, on purpose. Sentence 5 of this paragraph runs about this long, on purpose. Sentence 6 of this paragraph runs about this long, on purpose.\\n\\nSentence 1 of this paragraph runs about this long, on purpose. Sentence 2 of this paragraph r"
    },
    {
      "at": "2026-09-25T06:20:53.145Z",
      "url": "/v1/desktop/sessions/9957b4842090/asides",
      "asideId": "e8bb5310-629b-421d-8146-03112923a7e3",
      "continues": null,
      "questionHead": "<reply-to>a 4xx spends nothing</reply-to>\nPARAGRID7: q59 one",
      "text": "<reply-to>a 4xx spends nothing</reply-to>\nPARAGRID7: q59 one k7",
      "carriedSubscriptionField": true,
      "subscriptionId": "aa63905b22234e43ae71997ced9fffa4",
      "status": 200,
      "response": "{\"status\":200,\"message\":\"Desktop session result.\",\"result\":{\"data\":{\"aside_id\":\"e8bb5310-629b-421d-8146-03112923a7e3\",\"text\":\"Sentence 1 of this paragraph runs about this long, on purpose. Sentence 2 of this paragraph runs about this long, on purpose. Sentence 3 of this paragraph runs about this long, on purpose. Sentence 4 of this paragraph runs about this long, on purpose. Sentence 5 of this paragraph runs about this long, on purpose. Sentence 6 of this paragraph runs about this long, on purpose. Sentence 7 of this paragraph runs about this long, on purpose.\\n\\nSentence 1 of this paragraph r"
    },
    {
      "at": "2026-09-25T06:20:59.565Z",
      "url": "/v1/desktop/sessions/9957b4842090/asides",
      "asideId": "ff1d30a0-b4fa-43fd-a6e6-17ac47edba49",
      "continues": null,
      "questionHead": "<reply-to>a 4xx spends nothing</reply-to>\nPARAGRID8: q59 one",
      "text": "<reply-to>a 4xx spends nothing</reply-to>\nPARAGRID8: q59 one k8",
      "carriedSubscriptionField": true,
      "subscriptionId": "aa63905b22234e43ae71997ced9fffa4",
      "status": 200,
      "response": "{\"status\":200,\"message\":\"Desktop session result.\",\"result\":{\"data\":{\"aside_id\":\"ff1d30a0-b4fa-43fd-a6e6-17ac47edba49\",\"text\":\"Sentence 1 of this paragraph runs about this long, on purpose. Sentence 2 of this paragraph runs about this long, on purpose. Sentence 3 of this paragraph runs about this long, on purpose. Sentence 4 of this paragraph runs about this long, on purpose. Sentence 5 of this paragraph runs about this long, on purpose. Sentence 6 of this paragraph runs about this long, on purpose. Sentence 7 of this paragraph runs about this long, on purpose. Sentence 8 of this paragraph runs"
    },
    {
      "at": "2026-09-25T06:21:05.531Z",
      "url": "/v1/desktop/sessions/9957b4842090/asides",
      "asideId": "647aa68b-cd73-4761-ac4a-77de23d8dbf7",
      "continues": null,
      "questionHead": "<reply-to>a 4xx spends nothing</reply-to>\nPARAGRID9: q59 one",
      "text": "<reply-to>a 4xx spends nothing</reply-to>\nPARAGRID9: q59 one k9",
      "carriedSubscriptionField": true,
      "subscriptionId": "aa63905b22234e43ae71997ced9fffa4",
      "status": 200,
      "response": "{\"status\":200,\"message\":\"Desktop session result.\",\"result\":{\"data\":{\"aside_id\":\"647aa68b-cd73-4761-ac4a-77de23d8dbf7\",\"text\":\"Sentence 1 of this paragraph runs about this long, on purpose. Sentence 2 of this paragraph runs about this long, on purpose. Sentence 3 of this paragraph runs about this long, on purpose. Sentence 4 of this paragraph runs about this long, on purpose. Sentence 5 of this paragraph runs about this long, on purpose. Sentence 6 of this paragraph runs about this long, on purpose. Sentence 7 of this paragraph runs about this long, on purpose. Sentence 8 of this paragraph runs"
    }
  ],
  "streams": [
    {
      "url": "/v1/desktop/events",
      "openedAt": "2026-09-25T06:07:27.102Z",
      "subscriptionId": "22475b76fe0b8169",
      "asideDeltas": 0,
      "deltaSizes": []
    },
    {
      "url": "/v1/desktop/sessions/9957b4842090/events?frontend_replace=1",
      "openedAt": "2026-09-25T06:07:34.376Z",
      "subscriptionId": "aa63905b22234e43ae71997ced9fffa4",
      "asideDeltas": 343,
      "deltaSizes": [
        220,
        220,
        220,
        170,
        220,
        220,
        220,
        220,
        13,
        220,
        220,
        220,
        220,
        76,
        220,
        220,
        220,
        220,
        139,
        220,
        220,
        220,
        220,
        202,
        220,
        220,
        220,
        220,
        220,
        45,
        220,
        220,
        220,
        220,
        220,
        108,
        220,
        220,
        220,
        220,
        220,
        171,
        220,
        220,
        220,
        220,
        220,
        220,
        14,
        220,
        220,
        220,
        170,
        220,
        220,
        220,
        220,
        13,
        220,
        220,
        220,
        220,
        76,
        220,
        220,
        220,
        220,
        139,
        220,
        220,
        220,
        220,
        202,
        220,
        220,
        220,
        220,
        220,
        45,
        220,
        220,
        220,
        220,
        220,
        108,
        220,
        220,
        220,
        220,
        220,
        171,
        220,
        220,
        220,
        220,
        220,
        220,
        14,
        220,
        220,
        220,
        170,
        220,
        220,
        220,
        220,
        13,
        220,
        220,
        220,
        220,
        76,
        220,
        220,
        220,
        220,
        139,
        220,
        220,
        220,
        220,
        202,
        220,
        220,
        220,
        220,
        220,
        45,
        220,
        220,
        220,
        220,
        220,
        108,
        220,
        220,
        220,
        220,
        220,
        171,
        220,
        220,
        220,
        220,
        220,
        220,
        14,
        220,
        220,
        220,
        170,
        220,
        220,
        220,
        220,
        13,
        220,
        220,
        220,
        220,
        76,
        220,
        220,
        220,
        220,
        139,
        220,
        220,
        220,
        220,
        202,
        220,
        220,
        220,
        220,
        220,
        45,
        220,
        220,
        220,
        220,
        220,
        108,
        220,
        220,
        220,
        220,
        220,
        171,
        220,
        220,
        220,
        220,
        220,
        220,
        14,
        220,
        220,
        220,
        170,
        220,
        220,
        220,
        220,
        13,
        220,
        220,
        220,
        220,
        76,
        220,
        220,
        220,
        220,
        139,
        220,
        220,
        220,
        220,
        202,
        220,
        220,
        220,
        220,
        220,
        45,
        220,
        220,
        220,
        220,
        220,
        108,
        220,
        220,
        220,
        220,
        220,
        171,
        220,
        220,
        220,
        220,
        220,
        220,
        14,
        220,
        220,
        220,
        170,
        220,
        220,
        220,
        220,
        13,
        220,
        220,
        220,
        220,
        76,
        220,
        220,
        220,
        220,
        139,
        220,
        220,
        220,
        220,
        202,
        220,
        220,
        220,
        220,
        220,
        45,
        220,
        220,
        220,
        220,
        220,
        108,
        220,
        220,
        220,
        220,
        220,
        171,
        220,
        220,
        220,
        220,
        220,
        220,
        14,
        220,
        220,
        220,
        170,
        220,
        220,
        220,
        220,
        13,
        220,
        220,
        220,
        220,
        76,
        220,
        220,
        220,
        220,
        139,
        220,
        220,
        220,
        220,
        202,
        220,
        220,
        220,
        220,
        220,
        45,
        220,
        220,
        220,
        220,
        220,
        108,
        220,
        220,
        220,
        220,
        220,
        171,
        220,
        220,
        220,
        220,
        220,
        220,
        14
      ]
    }
  ],
  "asideDeltaFrames": 343,
  "deltasBySubscription": {
    "aa63905b22234e43ae71997ced9fffa4": 343
  },
  "deltasByAside": {
    "1dba16c7-8cfb-4fd8-a0b8-150364ae12fd": 4,
    "d9a1c61d-5f0d-4959-b67f-5adc96a30e1e": 5,
    "4fb86d80-8fec-474a-a147-f5957874b000": 5,
    "22b54b5f-112b-4784-b47e-89e7a5ab661d": 5,
    "fe9d1436-24b9-4159-9676-26afd2d13fae": 5,
    "e4b5ad28-c298-4adc-bfcc-4a5c2ddd7365": 6,
    "de8a84ce-abd4-41ef-a547-1d5091df8460": 6,
    "1216ca64-dfbb-4749-b55d-678ef64b9937": 6,
    "88309d64-1103-48ae-96f3-c153f92bfd78": 7,
    "7e36a866-3356-45be-9252-b94b3a60792c": 4,
    "43c08e25-76c6-4a86-a4df-7daa1637d7b7": 5,
    "4fb48b0d-b099-4ea8-bc88-d3e420ff3349": 5,
    "c457b8ec-e13b-458c-85d0-f31aa822d383": 5,
    "bea8ba38-2604-49b2-9bd9-05857c0c1e94": 5,
    "63611435-8ef1-48a6-82c7-875052952f34": 6,
    "fe74a696-30fe-44ce-9005-523307a056cf": 6,
    "11e1914a-2d1f-45c7-ab27-e08a9367690c": 6,
    "98a7322b-cbbc-4df4-b0d4-a0ddc87b373b": 7,
    "05e85aac-585b-4126-97f5-b67db66cd5f7": 4,
    "a98f8b10-4be6-4e39-8d76-0c8865d643d2": 5,
    "d5d6e93f-b35a-4424-9813-635293637fb5": 5,
    "46696b89-71c9-4e67-85b4-43b10b918005": 5,
    "5666609a-0b93-4976-a6ac-dbc9ed42fc4d": 5,
    "5b8cdadb-0959-473c-aadb-f6b343ba1943": 6,
    "ff2d336f-9d4c-4162-85d4-34e2956ce9c2": 6,
    "d9cde347-5096-41d1-83af-15e0c46fff06": 6,
    "930cffcc-ea6d-426c-b07a-1ed317a0c012": 7,
    "5b3ebf53-bdb7-4741-a2a9-095609c00763": 4,
    "9ff9872e-6975-44d8-86e8-be2c7790e73b": 5,
    "4d70a942-b29a-418e-80a4-3873998c0281": 5,
    "b1f04e02-0258-4ce6-b7a9-14205fa1a285": 5,
    "b814e820-5dae-4329-bf14-23e827481888": 5,
    "bb15c40f-7591-46e0-b0b5-7d846e3ab1b2": 6,
    "d52e5cdd-1b8c-4ec9-a21c-19140323d44c": 6,
    "a663b3ef-4574-4ed3-8c46-8383f09f2800": 6,
    "941542aa-5be2-4bf3-be33-1733fe7874d2": 7,
    "2573f404-64ba-4afe-a774-f1eb77b7f6d0": 4,
    "3c9087fd-2cff-42cc-a82b-e26c3eda6083": 5,
    "89467987-832c-4d3c-aedc-727e9d6235fd": 5,
    "6a3b5ef9-7051-42e1-988d-f518bf691a00": 5,
    "8420cb00-4fca-4b00-99b4-f5e511b762e1": 5,
    "d0c51ab7-34f7-42d6-995b-0284793e7361": 6,
    "e72431ef-1926-4622-a6f4-488931f0457d": 6,
    "f50a92af-4646-4be6-99db-bb3ab74691b9": 6,
    "498dc3d5-0ce3-47b3-aad9-037fe6ff0b1d": 7,
    "de902d69-4134-4516-ae9a-c8eb960cb697": 4,
    "e053ed75-fe97-4afb-ae6e-55d8b9be32da": 5,
    "46a39ee8-a4e5-4949-8483-b799eabdf24b": 5,
    "49aba9c7-02db-4e56-a60b-25ff425cf64d": 5,
    "cfd17a35-f3ce-4d7b-a520-8b694161a2a8": 5,
    "f955bd4c-f1ee-4aad-8690-191a1d32c413": 6,
    "c6904a3a-19cb-4e76-b513-ee5d8378be89": 6,
    "574a4523-5c1b-428c-acd2-b5afe8e0c3a6": 6,
    "b598dffa-aded-4955-b16e-cf01088caaec": 7,
    "7f2ff0f4-5572-494c-ab14-199058e4d3f9": 4,
    "e9e614b2-2d07-49db-bfec-26de8aaace0c": 5,
    "60677002-5035-4f7c-a6a7-ae185368c4ca": 5,
    "1eac7633-ece1-4bf7-b294-c68039a31245": 5,
    "c1a1c224-b242-4775-b8de-5941485bc847": 5,
    "3f9d84b1-4332-4e5c-94d3-cb5a7ed94f34": 6,
    "e8bb5310-629b-421d-8146-03112923a7e3": 6,
    "ff1d30a0-b4fa-43fd-a6e6-17ac47edba49": 6,
    "647aa68b-cd73-4761-ac4a-77de23d8dbf7": 7
  },
  "refused422": 0,
  "messagePosts": [
    {
      "at": "2026-09-25T06:07:54.193Z",
      "url": "/v1/desktop/sessions/9957b4842090/messages",
      "kind": "message",
      "text": "LONGANSWER seed for the quotes",
      "images": 0,
      "held": 0,
      "status": 200,
      "response": "{\"status\":200,\"message\":\"Desktop session result.\",\"result\":{\"status\":\"admitted\",\"duplicate\":false,\"detail\":\"prompt admitted\",\"command_id\":\"dda77a9e-36e8-4853-b59c-133b8346e1c4\",\"replayed\":false}}",
      "forwardedAt": "2026-09-25T06:07:54.194Z"
    }
  ],
  "asideOps": [
    {
      "at": "2026-09-25T06:08:08.552Z",
      "method": "DELETE",
      "url": "/v1/desktop/sessions/9957b4842090/asides/1dba16c7-8cfb-4fd8-a0b8-150364ae12fd",
      "kind": "close",
      "probe": false,
      "status": 200,
      "response": "{\"status\":200,\"message\":\"Desktop session result.\",\"result\":{\"data\":{\"aside_id\":\"1dba16c7-8cfb-4fd8-a0b8-150364ae12fd\",\"status\":\"closed\"},\"replayed\":false}}"
    },
    {
      "at": "2026-09-25T06:08:15.126Z",
      "method": "DELETE",
      "url": "/v1/desktop/sessions/9957b4842090/asides/d9a1c61d-5f0d-4959-b67f-5adc96a30e1e",
      "kind": "close",
      "probe": false,
      "status": 200,
      "response": "{\"status\":200,\"message\":\"Desktop session result.\",\"result\":{\"data\":{\"aside_id\":\"d9a1c61d-5f0d-4959-b67f-5adc96a30e1e\",\"status\":\"closed\"},\"replayed\":false}}"
    },
    {
      "at": "2026-09-25T06:08:22.322Z",
      "method": "DELETE",
      "url": "/v1/desktop/sessions/9957b4842090/asides/4fb86d80-8fec-474a-a147-f5957874b000",
      "kind": "close",
      "probe": false,
      "status": 200,
      "response": "{\"status\":200,\"message\":\"Desktop session result.\",\"result\":{\"data\":{\"aside_id\":\"4fb86d80-8fec-474a-a147-f5957874b000\",\"status\":\"closed\"},\"replayed\":false}}"
    },
    {
      "at": "2026-09-25T06:08:29.115Z",
      "method": "DELETE",
      "url": "/v1/desktop/sessions/9957b4842090/asides/22b54b5f-112b-4784-b47e-89e7a5ab661d",
      "kind": "close",
      "probe": false,
      "status": 200,
      "response": "{\"status\":200,\"message\":\"Desktop session result.\",\"result\":{\"data\":{\"aside_id\":\"22b54b5f-112b-4784-b47e-89e7a5ab661d\",\"status\":\"closed\"},\"replayed\":false}}"
    },
    {
      "at": "2026-09-25T06:08:34.752Z",
      "method": "DELETE",
      "url": "/v1/desktop/sessions/9957b4842090/asides/fe9d1436-24b9-4159-9676-26afd2d13fae",
      "kind": "close",
      "probe": false,
      "status": 200,
      "response": "{\"status\":200,\"message\":\"Desktop session result.\",\"result\":{\"data\":{\"aside_id\":\"fe9d1436-24b9-4159-9676-26afd2d13fae\",\"status\":\"closed\"},\"replayed\":false}}"
    },
    {
      "at": "2026-09-25T06:08:41.117Z",
      "method": "DELETE",
      "url": "/v1/desktop/sessions/9957b4842090/asides/e4b5ad28-c298-4adc-bfcc-4a5c2ddd7365",
      "kind": "close",
      "probe": false,
      "status": 200,
      "response": "{\"status\":200,\"message\":\"Desktop session result.\",\"result\":{\"data\":{\"aside_id\":\"e4b5ad28-c298-4adc-bfcc-4a5c2ddd7365\",\"status\":\"closed\"},\"replayed\":false}}"
    },
    {
      "at": "2026-09-25T06:08:46.754Z",
      "method": "DELETE",
      "url": "/v1/desktop/sessions/9957b4842090/asides/de8a84ce-abd4-41ef-a547-1d5091df8460",
      "kind": "close",
      "probe": false,
      "status": 200,
      "response": "{\"status\":200,\"message\":\"Desktop session result.\",\"result\":{\"data\":{\"aside_id\":\"de8a84ce-abd4-41ef-a547-1d5091df8460\",\"status\":\"closed\"},\"replayed\":false}}"
    },
    {
      "at": "2026-09-25T06:08:53.626Z",
      "method": "DELETE",
      "url": "/v1/desktop/sessions/9957b4842090/asides/1216ca64-dfbb-4749-b55d-678ef64b9937",
      "kind": "close",
      "probe": false,
      "status": 200,
      "response": "{\"status\":200,\"message\":\"Desktop session result.\",\"result\":{\"data\":{\"aside_id\":\"1216ca64-dfbb-4749-b55d-678ef64b9937\",\"status\":\"closed\"},\"replayed\":false}}"
    },
    {
      "at": "2026-09-25T06:09:01.684Z",
      "method": "DELETE",
      "url": "/v1/desktop/sessions/9957b4842090/asides/88309d64-1103-48ae-96f3-c153f92bfd78",
      "kind": "close",
      "probe": false,
      "status": 200,
      "response": "{\"status\":200,\"message\":\"Desktop session result.\",\"result\":{\"data\":{\"aside_id\":\"88309d64-1103-48ae-96f3-c153f92bfd78\",\"status\":\"closed\"},\"replayed\":false}}"
    },
    {
      "at": "2026-09-25T06:09:08.949Z",
      "method": "DELETE",
      "url": "/v1/desktop/sessions/9957b4842090/asides/7e36a866-3356-45be-9252-b94b3a60792c",
      "kind": "close",
      "probe": false,
      "status": 200,
      "response": "{\"status\":200,\"message\":\"Desktop session result.\",\"result\":{\"data\":{\"aside_id\":\"7e36a866-3356-45be-9252-b94b3a60792c\",\"status\":\"closed\"},\"replayed\":false}}"
    },
    {
      "at": "2026-09-25T06:09:14.662Z",
      "method": "DELETE",
      "url": "/v1/desktop/sessions/9957b4842090/asides/43c08e25-76c6-4a86-a4df-7daa1637d7b7",
      "kind": "close",
      "probe": false,
      "status": 200,
      "response": "{\"status\":200,\"message\":\"Desktop session result.\",\"result\":{\"data\":{\"aside_id\":\"43c08e25-76c6-4a86-a4df-7daa1637d7b7\",\"status\":\"closed\"},\"replayed\":false}}"
    },
    {
      "at": "2026-09-25T06:09:20.825Z",
      "method": "DELETE",
      "url": "/v1/desktop/sessions/9957b4842090/asides/4fb48b0d-b099-4ea8-bc88-d3e420ff3349",
      "kind": "close",
      "probe": false,
      "status": 200,
      "response": "{\"status\":200,\"message\":\"Desktop session result.\",\"result\":{\"data\":{\"aside_id\":\"4fb48b0d-b099-4ea8-bc88-d3e420ff3349\",\"status\":\"closed\"},\"replayed\":false}}"
    },
    {
      "at": "2026-09-25T06:09:27.405Z",
      "method": "DELETE",
      "url": "/v1/desktop/sessions/9957b4842090/asides/c457b8ec-e13b-458c-85d0-f31aa822d383",
      "kind": "close",
      "probe": false,
      "status": 200,
      "response": "{\"status\":200,\"message\":\"Desktop session result.\",\"result\":{\"data\":{\"aside_id\":\"c457b8ec-e13b-458c-85d0-f31aa822d383\",\"status\":\"closed\"},\"replayed\":false}}"
    },
    {
      "at": "2026-09-25T06:09:33.676Z",
      "method": "DELETE",
      "url": "/v1/desktop/sessions/9957b4842090/asides/bea8ba38-2604-49b2-9bd9-05857c0c1e94",
      "kind": "close",
      "probe": false,
      "status": 200,
      "response": "{\"status\":200,\"message\":\"Desktop session result.\",\"result\":{\"data\":{\"aside_id\":\"bea8ba38-2604-49b2-9bd9-05857c0c1e94\",\"status\":\"closed\"},\"replayed\":false}}"
    },
    {
      "at": "2026-09-25T06:09:40.673Z",
      "method": "DELETE",
      "url": "/v1/desktop/sessions/9957b4842090/asides/63611435-8ef1-48a6-82c7-875052952f34",
      "kind": "close",
      "probe": false,
      "status": 200,
      "response": "{\"status\":200,\"message\":\"Desktop session result.\",\"result\":{\"data\":{\"aside_id\":\"63611435-8ef1-48a6-82c7-875052952f34\",\"status\":\"closed\"},\"replayed\":false}}"
    },
    {
      "at": "2026-09-25T06:09:46.449Z",
      "method": "DELETE",
      "url": "/v1/desktop/sessions/9957b4842090/asides/fe74a696-30fe-44ce-9005-523307a056cf",
      "kind": "close",
      "probe": false,
      "status": 200,
      "response": "{\"status\":200,\"message\":\"Desktop session result.\",\"result\":{\"data\":{\"aside_id\":\"fe74a696-30fe-44ce-9005-523307a056cf\",\"status\":\"closed\"},\"replayed\":false}}"
    },
    {
      "at": "2026-09-25T06:09:52.092Z",
      "method": "DELETE",
      "url": "/v1/desktop/sessions/9957b4842090/asides/11e1914a-2d1f-45c7-ab27-e08a9367690c",
      "kind": "close",
      "probe": false,
      "status": 200,
      "response": "{\"status\":200,\"message\":\"Desktop session result.\",\"result\":{\"data\":{\"aside_id\":\"11e1914a-2d1f-45c7-ab27-e08a9367690c\",\"status\":\"closed\"},\"replayed\":false}}"
    },
    {
      "at": "2026-09-25T06:09:59.009Z",
      "method": "DELETE",
      "url": "/v1/desktop/sessions/9957b4842090/asides/98a7322b-cbbc-4df4-b0d4-a0ddc87b373b",
      "kind": "close",
      "probe": false,
      "status": 200,
      "response": "{\"status\":200,\"message\":\"Desktop session result.\",\"result\":{\"data\":{\"aside_id\":\"98a7322b-cbbc-4df4-b0d4-a0ddc87b373b\",\"status\":\"closed\"},\"replayed\":false}}"
    },
    {
      "at": "2026-09-25T06:10:05.083Z",
      "method": "DELETE",
      "url": "/v1/desktop/sessions/9957b4842090/asides/05e85aac-585b-4126-97f5-b67db66cd5f7",
      "kind": "close",
      "probe": false,
      "status": 200,
      "response": "{\"status\":200,\"message\":\"Desktop session result.\",\"result\":{\"data\":{\"aside_id\":\"05e85aac-585b-4126-97f5-b67db66cd5f7\",\"status\":\"closed\"},\"replayed\":false}}"
    },
    {
      "at": "2026-09-25T06:10:10.967Z",
      "method": "DELETE",
      "url": "/v1/desktop/sessions/9957b4842090/asides/a98f8b10-4be6-4e39-8d76-0c8865d643d2",
      "kind": "close",
      "probe": false,
      "status": 200,
      "response": "{\"status\":200,\"message\":\"Desktop session result.\",\"result\":{\"data\":{\"aside_id\":\"a98f8b10-4be6-4e39-8d76-0c8865d643d2\",\"status\":\"closed\"},\"replayed\":false}}"
    },
    {
      "at": "2026-09-25T06:10:17.443Z",
      "method": "DELETE",
      "url": "/v1/desktop/sessions/9957b4842090/asides/d5d6e93f-b35a-4424-9813-635293637fb5",
      "kind": "close",
      "probe": false,
      "status": 200,
      "response": "{\"status\":200,\"message\":\"Desktop session result.\",\"result\":{\"data\":{\"aside_id\":\"d5d6e93f-b35a-4424-9813-635293637fb5\",\"status\":\"closed\"},\"replayed\":false}}"
    },
    {
      "at": "2026-09-25T06:10:24.277Z",
      "method": "DELETE",
      "url": "/v1/desktop/sessions/9957b4842090/asides/46696b89-71c9-4e67-85b4-43b10b918005",
      "kind": "close",
      "probe": false,
      "status": 200,
      "response": "{\"status\":200,\"message\":\"Desktop session result.\",\"result\":{\"data\":{\"aside_id\":\"46696b89-71c9-4e67-85b4-43b10b918005\",\"status\":\"closed\"},\"replayed\":false}}"
    },
    {
      "at": "2026-09-25T06:10:30.431Z",
      "method": "DELETE",
      "url": "/v1/desktop/sessions/9957b4842090/asides/5666609a-0b93-4976-a6ac-dbc9ed42fc4d",
      "kind": "close",
      "probe": false,
      "status": 200,
      "response": "{\"status\":200,\"message\":\"Desktop session result.\",\"result\":{\"data\":{\"aside_id\":\"5666609a-0b93-4976-a6ac-dbc9ed42fc4d\",\"status\":\"closed\"},\"replayed\":false}}"
    },
    {
      "at": "2026-09-25T06:10:37.523Z",
      "method": "DELETE",
      "url": "/v1/desktop/sessions/9957b4842090/asides/5b8cdadb-0959-473c-aadb-f6b343ba1943",
      "kind": "close",
      "probe": false,
      "status": 200,
      "response": "{\"status\":200,\"message\":\"Desktop session result.\",\"result\":{\"data\":{\"aside_id\":\"5b8cdadb-0959-473c-aadb-f6b343ba1943\",\"status\":\"closed\"},\"replayed\":false}}"
    },
    {
      "at": "2026-09-25T06:10:43.895Z",
      "method": "DELETE",
      "url": "/v1/desktop/sessions/9957b4842090/asides/ff2d336f-9d4c-4162-85d4-34e2956ce9c2",
      "kind": "close",
      "probe": false,
      "status": 200,
      "response": "{\"status\":200,\"message\":\"Desktop session result.\",\"result\":{\"data\":{\"aside_id\":\"ff2d336f-9d4c-4162-85d4-34e2956ce9c2\",\"status\":\"closed\"},\"replayed\":false}}"
    },
    {
      "at": "2026-09-25T06:10:50.251Z",
      "method": "DELETE",
      "url": "/v1/desktop/sessions/9957b4842090/asides/d9cde347-5096-41d1-83af-15e0c46fff06",
      "kind": "close",
      "probe": false,
      "status": 200,
      "response": "{\"status\":200,\"message\":\"Desktop session result.\",\"result\":{\"data\":{\"aside_id\":\"d9cde347-5096-41d1-83af-15e0c46fff06\",\"status\":\"closed\"},\"replayed\":false}}"
    },
    {
      "at": "2026-09-25T06:10:58.667Z",
      "method": "DELETE",
      "url": "/v1/desktop/sessions/9957b4842090/asides/930cffcc-ea6d-426c-b07a-1ed317a0c012",
      "kind": "close",
      "probe": false,
      "status": 200,
      "response": "{\"status\":200,\"message\":\"Desktop session result.\",\"result\":{\"data\":{\"aside_id\":\"930cffcc-ea6d-426c-b07a-1ed317a0c012\",\"status\":\"closed\"},\"replayed\":false}}"
    },
    {
      "at": "2026-09-25T06:11:04.496Z",
      "method": "DELETE",
      "url": "/v1/desktop/sessions/9957b4842090/asides/5b3ebf53-bdb7-4741-a2a9-095609c00763",
      "kind": "close",
      "probe": false,
      "status": 200,
      "response": "{\"status\":200,\"message\":\"Desktop session result.\",\"result\":{\"data\":{\"aside_id\":\"5b3ebf53-bdb7-4741-a2a9-095609c00763\",\"status\":\"closed\"},\"replayed\":false}}"
    },
    {
      "at": "2026-09-25T06:11:10.340Z",
      "method": "DELETE",
      "url": "/v1/desktop/sessions/9957b4842090/asides/9ff9872e-6975-44d8-86e8-be2c7790e73b",
      "kind": "close",
      "probe": false,
      "status": 200,
      "response": "{\"status\":200,\"message\":\"Desktop session result.\",\"result\":{\"data\":{\"aside_id\":\"9ff9872e-6975-44d8-86e8-be2c7790e73b\",\"status\":\"closed\"},\"replayed\":false}}"
    },
    {
      "at": "2026-09-25T06:11:15.808Z",
      "method": "DELETE",
      "url": "/v1/desktop/sessions/9957b4842090/asides/4d70a942-b29a-418e-80a4-3873998c0281",
      "kind": "close",
      "probe": false,
      "status": 200,
      "response": "{\"status\":200,\"message\":\"Desktop session result.\",\"result\":{\"data\":{\"aside_id\":\"4d70a942-b29a-418e-80a4-3873998c0281\",\"status\":\"closed\"},\"replayed\":false}}"
    },
    {
      "at": "2026-09-25T06:11:21.191Z",
      "method": "DELETE",
      "url": "/v1/desktop/sessions/9957b4842090/asides/b1f04e02-0258-4ce6-b7a9-14205fa1a285",
      "kind": "close",
      "probe": false,
      "status": 200,
      "response": "{\"status\":200,\"message\":\"Desktop session result.\",\"result\":{\"data\":{\"aside_id\":\"b1f04e02-0258-4ce6-b7a9-14205fa1a285\",\"status\":\"closed\"},\"replayed\":false}}"
    },
    {
      "at": "2026-09-25T06:11:26.206Z",
      "method": "DELETE",
      "url": "/v1/desktop/sessions/9957b4842090/asides/b814e820-5dae-4329-bf14-23e827481888",
      "kind": "close",
      "probe": false,
      "status": 200,
      "response": "{\"status\":200,\"message\":\"Desktop session result.\",\"result\":{\"data\":{\"aside_id\":\"b814e820-5dae-4329-bf14-23e827481888\",\"status\":\"closed\"},\"replayed\":false}}"
    },
    {
      "at": "2026-09-25T06:11:32.208Z",
      "method": "DELETE",
      "url": "/v1/desktop/sessions/9957b4842090/asides/bb15c40f-7591-46e0-b0b5-7d846e3ab1b2",
      "kind": "close",
      "probe": false,
      "status": 200,
      "response": "{\"status\":200,\"message\":\"Desktop session result.\",\"result\":{\"data\":{\"aside_id\":\"bb15c40f-7591-46e0-b0b5-7d846e3ab1b2\",\"status\":\"closed\"},\"replayed\":false}}"
    },
    {
      "at": "2026-09-25T06:11:37.593Z",
      "method": "DELETE",
      "url": "/v1/desktop/sessions/9957b4842090/asides/d52e5cdd-1b8c-4ec9-a21c-19140323d44c",
      "kind": "close",
      "probe": false,
      "status": 200,
      "response": "{\"status\":200,\"message\":\"Desktop session result.\",\"result\":{\"data\":{\"aside_id\":\"d52e5cdd-1b8c-4ec9-a21c-19140323d44c\",\"status\":\"closed\"},\"replayed\":false}}"
    },
    {
      "at": "2026-09-25T06:11:43.282Z",
      "method": "DELETE",
      "url": "/v1/desktop/sessions/9957b4842090/asides/a663b3ef-4574-4ed3-8c46-8383f09f2800",
      "kind": "close",
      "probe": false,
      "status": 200,
      "response": "{\"status\":200,\"message\":\"Desktop session result.\",\"result\":{\"data\":{\"aside_id\":\"a663b3ef-4574-4ed3-8c46-8383f09f2800\",\"status\":\"closed\"},\"replayed\":false}}"
    },
    {
      "at": "2026-09-25T06:11:49.838Z",
      "method": "DELETE",
      "url": "/v1/desktop/sessions/9957b4842090/asides/941542aa-5be2-4bf3-be33-1733fe7874d2",
      "kind": "close",
      "probe": false,
      "status": 200,
      "response": "{\"status\":200,\"message\":\"Desktop session result.\",\"result\":{\"data\":{\"aside_id\":\"941542aa-5be2-4bf3-be33-1733fe7874d2\",\"status\":\"closed\"},\"replayed\":false}}"
    },
    {
      "at": "2026-09-25T06:11:55.411Z",
      "method": "DELETE",
      "url": "/v1/desktop/sessions/9957b4842090/asides/2573f404-64ba-4afe-a774-f1eb77b7f6d0",
      "kind": "close",
      "probe": false,
      "status": 200,
      "response": "{\"status\":200,\"message\":\"Desktop session result.\",\"result\":{\"data\":{\"aside_id\":\"2573f404-64ba-4afe-a774-f1eb77b7f6d0\",\"status\":\"closed\"},\"replayed\":false}}"
    },
    {
      "at": "2026-09-25T06:12:00.903Z",
      "method": "DELETE",
      "url": "/v1/desktop/sessions/9957b4842090/asides/3c9087fd-2cff-42cc-a82b-e26c3eda6083",
      "kind": "close",
      "probe": false,
      "status": 200,
      "response": "{\"status\":200,\"message\":\"Desktop session result.\",\"result\":{\"data\":{\"aside_id\":\"3c9087fd-2cff-42cc-a82b-e26c3eda6083\",\"status\":\"closed\"},\"replayed\":false}}"
    },
    {
      "at": "2026-09-25T06:12:06.538Z",
      "method": "DELETE",
      "url": "/v1/desktop/sessions/9957b4842090/asides/89467987-832c-4d3c-aedc-727e9d6235fd",
      "kind": "close",
      "probe": false,
      "status": 200,
      "response": "{\"status\":200,\"message\":\"Desktop session result.\",\"result\":{\"data\":{\"aside_id\":\"89467987-832c-4d3c-aedc-727e9d6235fd\",\"status\":\"closed\"},\"replayed\":false}}"
    },
    {
      "at": "2026-09-25T06:12:12.827Z",
      "method": "DELETE",
      "url": "/v1/desktop/sessions/9957b4842090/asides/6a3b5ef9-7051-42e1-988d-f518bf691a00",
      "kind": "close",
      "probe": false,
      "status": 200,
      "response": "{\"status\":200,\"message\":\"Desktop session result.\",\"result\":{\"data\":{\"aside_id\":\"6a3b5ef9-7051-42e1-988d-f518bf691a00\",\"status\":\"closed\"},\"replayed\":false}}"
    },
    {
      "at": "2026-09-25T06:12:20.003Z",
      "method": "DELETE",
      "url": "/v1/desktop/sessions/9957b4842090/asides/8420cb00-4fca-4b00-99b4-f5e511b762e1",
      "kind": "close",
      "probe": false,
      "status": 200,
      "response": "{\"status\":200,\"message\":\"Desktop session result.\",\"result\":{\"data\":{\"aside_id\":\"8420cb00-4fca-4b00-99b4-f5e511b762e1\",\"status\":\"closed\"},\"replayed\":false}}"
    },
    {
      "at": "2026-09-25T06:12:26.961Z",
      "method": "DELETE",
      "url": "/v1/desktop/sessions/9957b4842090/asides/d0c51ab7-34f7-42d6-995b-0284793e7361",
      "kind": "close",
      "probe": false,
      "status": 200,
      "response": "{\"status\":200,\"message\":\"Desktop session result.\",\"result\":{\"data\":{\"aside_id\":\"d0c51ab7-34f7-42d6-995b-0284793e7361\",\"status\":\"closed\"},\"replayed\":false}}"
    },
    {
      "at": "2026-09-25T06:12:34.063Z",
      "method": "DELETE",
      "url": "/v1/desktop/sessions/9957b4842090/asides/e72431ef-1926-4622-a6f4-488931f0457d",
      "kind": "close",
      "probe": false,
      "status": 200,
      "response": "{\"status\":200,\"message\":\"Desktop session result.\",\"result\":{\"data\":{\"aside_id\":\"e72431ef-1926-4622-a6f4-488931f0457d\",\"status\":\"closed\"},\"replayed\":false}}"
    },
    {
      "at": "2026-09-25T06:12:39.961Z",
      "method": "DELETE",
      "url": "/v1/desktop/sessions/9957b4842090/asides/f50a92af-4646-4be6-99db-bb3ab74691b9",
      "kind": "close",
      "probe": false,
      "status": 200,
      "response": "{\"status\":200,\"message\":\"Desktop session result.\",\"result\":{\"data\":{\"aside_id\":\"f50a92af-4646-4be6-99db-bb3ab74691b9\",\"status\":\"closed\"},\"replayed\":false}}"
    },
    {
      "at": "2026-09-25T06:12:47.025Z",
      "method": "DELETE",
      "url": "/v1/desktop/sessions/9957b4842090/asides/498dc3d5-0ce3-47b3-aad9-037fe6ff0b1d",
      "kind": "close",
      "probe": false,
      "status": 200,
      "response": "{\"status\":200,\"message\":\"Desktop session result.\",\"result\":{\"data\":{\"aside_id\":\"498dc3d5-0ce3-47b3-aad9-037fe6ff0b1d\",\"status\":\"closed\"},\"replayed\":false}}"
    },
    {
      "at": "2026-09-25T06:13:37.135Z",
      "method": "DELETE",
      "url": "/v1/desktop/sessions/9957b4842090/asides/de902d69-4134-4516-ae9a-c8eb960cb697",
      "kind": "close",
      "probe": false,
      "status": 200,
      "response": "{\"status\":200,\"message\":\"Desktop session result.\",\"result\":{\"data\":{\"aside_id\":\"de902d69-4134-4516-ae9a-c8eb960cb697\",\"status\":\"closed\"},\"replayed\":false}}"
    },
    {
      "at": "2026-09-25T06:14:25.298Z",
      "method": "DELETE",
      "url": "/v1/desktop/sessions/9957b4842090/asides/e053ed75-fe97-4afb-ae6e-55d8b9be32da",
      "kind": "close",
      "probe": false,
      "status": 200,
      "response": "{\"status\":200,\"message\":\"Desktop session result.\",\"result\":{\"data\":{\"aside_id\":\"e053ed75-fe97-4afb-ae6e-55d8b9be32da\",\"status\":\"closed\"},\"replayed\":false}}"
    },
    {
      "at": "2026-09-25T06:15:14.438Z",
      "method": "DELETE",
      "url": "/v1/desktop/sessions/9957b4842090/asides/46a39ee8-a4e5-4949-8483-b799eabdf24b",
      "kind": "close",
      "probe": false,
      "status": 200,
      "response": "{\"status\":200,\"message\":\"Desktop session result.\",\"result\":{\"data\":{\"aside_id\":\"46a39ee8-a4e5-4949-8483-b799eabdf24b\",\"status\":\"closed\"},\"replayed\":false}}"
    },
    {
      "at": "2026-09-25T06:16:03.296Z",
      "method": "DELETE",
      "url": "/v1/desktop/sessions/9957b4842090/asides/49aba9c7-02db-4e56-a60b-25ff425cf64d",
      "kind": "close",
      "probe": false,
      "status": 200,
      "response": "{\"status\":200,\"message\":\"Desktop session result.\",\"result\":{\"data\":{\"aside_id\":\"49aba9c7-02db-4e56-a60b-25ff425cf64d\",\"status\":\"closed\"},\"replayed\":false}}"
    },
    {
      "at": "2026-09-25T06:16:53.491Z",
      "method": "DELETE",
      "url": "/v1/desktop/sessions/9957b4842090/asides/cfd17a35-f3ce-4d7b-a520-8b694161a2a8",
      "kind": "close",
      "probe": false,
      "status": 200,
      "response": "{\"status\":200,\"message\":\"Desktop session result.\",\"result\":{\"data\":{\"aside_id\":\"cfd17a35-f3ce-4d7b-a520-8b694161a2a8\",\"status\":\"closed\"},\"replayed\":false}}"
    },
    {
      "at": "2026-09-25T06:17:42.694Z",
      "method": "DELETE",
      "url": "/v1/desktop/sessions/9957b4842090/asides/f955bd4c-f1ee-4aad-8690-191a1d32c413",
      "kind": "close",
      "probe": false,
      "status": 200,
      "response": "{\"status\":200,\"message\":\"Desktop session result.\",\"result\":{\"data\":{\"aside_id\":\"f955bd4c-f1ee-4aad-8690-191a1d32c413\",\"status\":\"closed\"},\"replayed\":false}}"
    },
    {
      "at": "2026-09-25T06:18:31.752Z",
      "method": "DELETE",
      "url": "/v1/desktop/sessions/9957b4842090/asides/c6904a3a-19cb-4e76-b513-ee5d8378be89",
      "kind": "close",
      "probe": false,
      "status": 200,
      "response": "{\"status\":200,\"message\":\"Desktop session result.\",\"result\":{\"data\":{\"aside_id\":\"c6904a3a-19cb-4e76-b513-ee5d8378be89\",\"status\":\"closed\"},\"replayed\":false}}"
    },
    {
      "at": "2026-09-25T06:19:24.377Z",
      "method": "DELETE",
      "url": "/v1/desktop/sessions/9957b4842090/asides/574a4523-5c1b-428c-acd2-b5afe8e0c3a6",
      "kind": "close",
      "probe": false,
      "status": 200,
      "response": "{\"status\":200,\"message\":\"Desktop session result.\",\"result\":{\"data\":{\"aside_id\":\"574a4523-5c1b-428c-acd2-b5afe8e0c3a6\",\"status\":\"closed\"},\"replayed\":false}}"
    },
    {
      "at": "2026-09-25T06:20:15.183Z",
      "method": "DELETE",
      "url": "/v1/desktop/sessions/9957b4842090/asides/b598dffa-aded-4955-b16e-cf01088caaec",
      "kind": "close",
      "probe": false,
      "status": 200,
      "response": "{\"status\":200,\"message\":\"Desktop session result.\",\"result\":{\"data\":{\"aside_id\":\"b598dffa-aded-4955-b16e-cf01088caaec\",\"status\":\"closed\"},\"replayed\":false}}"
    },
    {
      "at": "2026-09-25T06:20:21.024Z",
      "method": "DELETE",
      "url": "/v1/desktop/sessions/9957b4842090/asides/7f2ff0f4-5572-494c-ab14-199058e4d3f9",
      "kind": "close",
      "probe": false,
      "status": 200,
      "response": "{\"status\":200,\"message\":\"Desktop session result.\",\"result\":{\"data\":{\"aside_id\":\"7f2ff0f4-5572-494c-ab14-199058e4d3f9\",\"status\":\"closed\"},\"replayed\":false}}"
    },
    {
      "at": "2026-09-25T06:20:27.336Z",
      "method": "DELETE",
      "url": "/v1/desktop/sessions/9957b4842090/asides/e9e614b2-2d07-49db-bfec-26de8aaace0c",
      "kind": "close",
      "probe": false,
      "status": 200,
      "response": "{\"status\":200,\"message\":\"Desktop session result.\",\"result\":{\"data\":{\"aside_id\":\"e9e614b2-2d07-49db-bfec-26de8aaace0c\",\"status\":\"closed\"},\"replayed\":false}}"
    },
    {
      "at": "2026-09-25T06:20:33.822Z",
      "method": "DELETE",
      "url": "/v1/desktop/sessions/9957b4842090/asides/60677002-5035-4f7c-a6a7-ae185368c4ca",
      "kind": "close",
      "probe": false,
      "status": 200,
      "response": "{\"status\":200,\"message\":\"Desktop session result.\",\"result\":{\"data\":{\"aside_id\":\"60677002-5035-4f7c-a6a7-ae185368c4ca\",\"status\":\"closed\"},\"replayed\":false}}"
    },
    {
      "at": "2026-09-25T06:20:40.184Z",
      "method": "DELETE",
      "url": "/v1/desktop/sessions/9957b4842090/asides/1eac7633-ece1-4bf7-b294-c68039a31245",
      "kind": "close",
      "probe": false,
      "status": 200,
      "response": "{\"status\":200,\"message\":\"Desktop session result.\",\"result\":{\"data\":{\"aside_id\":\"1eac7633-ece1-4bf7-b294-c68039a31245\",\"status\":\"closed\"},\"replayed\":false}}"
    },
    {
      "at": "2026-09-25T06:20:46.010Z",
      "method": "DELETE",
      "url": "/v1/desktop/sessions/9957b4842090/asides/c1a1c224-b242-4775-b8de-5941485bc847",
      "kind": "close",
      "probe": false,
      "status": 200,
      "response": "{\"status\":200,\"message\":\"Desktop session result.\",\"result\":{\"data\":{\"aside_id\":\"c1a1c224-b242-4775-b8de-5941485bc847\",\"status\":\"closed\"},\"replayed\":false}}"
    },
    {
      "at": "2026-09-25T06:20:51.935Z",
      "method": "DELETE",
      "url": "/v1/desktop/sessions/9957b4842090/asides/3f9d84b1-4332-4e5c-94d3-cb5a7ed94f34",
      "kind": "close",
      "probe": false,
      "status": 200,
      "response": "{\"status\":200,\"message\":\"Desktop session result.\",\"result\":{\"data\":{\"aside_id\":\"3f9d84b1-4332-4e5c-94d3-cb5a7ed94f34\",\"status\":\"closed\"},\"replayed\":false}}"
    },
    {
      "at": "2026-09-25T06:20:58.453Z",
      "method": "DELETE",
      "url": "/v1/desktop/sessions/9957b4842090/asides/e8bb5310-629b-421d-8146-03112923a7e3",
      "kind": "close",
      "probe": false,
      "status": 200,
      "response": "{\"status\":200,\"message\":\"Desktop session result.\",\"result\":{\"data\":{\"aside_id\":\"e8bb5310-629b-421d-8146-03112923a7e3\",\"status\":\"closed\"},\"replayed\":false}}"
    },
    {
      "at": "2026-09-25T06:21:04.532Z",
      "method": "DELETE",
      "url": "/v1/desktop/sessions/9957b4842090/asides/ff1d30a0-b4fa-43fd-a6e6-17ac47edba49",
      "kind": "close",
      "probe": false,
      "status": 200,
      "response": "{\"status\":200,\"message\":\"Desktop session result.\",\"result\":{\"data\":{\"aside_id\":\"ff1d30a0-b4fa-43fd-a6e6-17ac47edba49\",\"status\":\"closed\"},\"replayed\":false}}"
    },
    {
      "at": "2026-09-25T06:21:11.714Z",
      "method": "DELETE",
      "url": "/v1/desktop/sessions/9957b4842090/asides/647aa68b-cd73-4761-ac4a-77de23d8dbf7",
      "kind": "close",
      "probe": false,
      "status": 200,
      "response": "{\"status\":200,\"message\":\"Desktop session result.\",\"result\":{\"data\":{\"aside_id\":\"647aa68b-cd73-4761-ac4a-77de23d8dbf7\",\"status\":\"closed\"},\"replayed\":false}}"
    }
  ]
}
--- end counters ---
